{
    "y_predict": [
        358.3777362454729,
        226.12753626417765,
        327.6649864373424,
        293.52115078552833,
        166.18259597529948,
        140.2246879113539,
        55.43497677618228,
        248.6435626469181,
        363.31050123470726,
        158.03397626471872,
        202.09803752166312,
        288.6331027884016,
        132.8856544047281,
        434.1555657545365,
        416.85029371190615,
        490.75026562980264,
        210.7544568423085,
        317.8996282844198
    ],
    "y_true": [
        455.0,
        198.0,
        325.0,
        25.0,
        240.6,
        149.0,
        94.6,
        118.4,
        131.0,
        260.4,
        310.4,
        377.13,
        287.4,
        354.8,
        333.94,
        565.3,
        82.5,
        140.0
    ],
    "R2_score": 0.1869052028906033,
    "MAE_score": 104.30536935801233,
    "RMSE_score": 124.9575952840385,
    "features": [
        "B_flag",
        "B_type",
        "Delta_V",
        "Group_ID",
        "Morph",
        "Synth",
        "j",
        "kappa_cc",
        "r_an",
        "rho_m",
        "sigma_cc",
        "sigma_ion"
    ]
}