{
    "y_predict": [
        165.56201071471963,
        376.00735758792996,
        375.8791163438172,
        375.8874067424581,
        561.9924976652542,
        415.41671300054827,
        269.18971963368847,
        302.1126923823069,
        80.2255261461139,
        61.90534841571491,
        350.72233625846934,
        252.199480913659,
        233.87930318326005,
        195.01821389659483,
        176.86331659844836,
        332.6333148261675,
        138.31662201021797,
        143.40910484125737,
        433.886829287787
    ],
    "y_true": [
        198.0,
        1074.5,
        399.7,
        548.0,
        193.6,
        352.5,
        220.0,
        6.0,
        94.6,
        87.23,
        67.6,
        215.28,
        188.8,
        62.2,
        97.9,
        115.0,
        60.3,
        22.1,
        276.0
    ],
    "R2_score": 0.14410244618588186,
    "MAE_score": 152.36438834457397,
    "RMSE_score": 223.63981528827688,
    "features": [
        "B_flag",
        "CC",
        "Delta_V",
        "E_Bare_Anion_Radius",
        "Group_ID",
        "Morph",
        "Synth",
        "j",
        "kappa_cc",
        "r_cat",
        "rho_m"
    ]
}