{
    "y_predict": [
        215.60629272460938,
        930.6278076171875,
        243.25189208984375,
        930.6278076171875,
        234.5374755859375,
        326.81524658203125,
        122.25963592529297,
        58.57323455810547,
        150.8638153076172,
        99.35089874267578,
        81.05606079101562,
        315.0858459472656,
        310.1374206542969,
        66.29615020751953,
        81.3798599243164,
        125.6594467163086,
        63.78269958496094,
        33.80659484863281,
        350.13134765625
    ],
    "y_true": [
        198.0,
        1074.5,
        399.7,
        548.0,
        193.6,
        352.5,
        220.0,
        6.0,
        94.6,
        87.23,
        67.6,
        215.28,
        188.8,
        62.2,
        97.9,
        115.0,
        60.3,
        22.1,
        276.0
    ],
    "R2_score": 0.7831458480871594,
    "MAE_score": 70.58266572651111,
    "RMSE_score": 112.56985407741833,
    "features": [
        "rho_m",
        "r0_an",
        "r_cat",
        "kappa_cc",
        "Delta_V",
        "j",
        "B_flag",
        "CC",
        "Morph",
        "Synth"
    ]
}