{
    "y_predict": [
        424.14599609375,
        184.19668579101562,
        343.7466735839844,
        29.565454483032227,
        221.28518676757812,
        164.6436309814453,
        158.0991973876953,
        215.92994689941406,
        193.7830352783203,
        223.09461975097656,
        188.65284729003906,
        270.31622314453125,
        327.53338623046875,
        323.5489196777344,
        294.5600280761719,
        636.1299438476562,
        116.4197006225586,
        353.1875
    ],
    "y_true": [
        455.0,
        198.0,
        325.0,
        25.0,
        240.6,
        149.0,
        94.6,
        118.4,
        131.0,
        260.4,
        310.4,
        377.13,
        287.4,
        354.8,
        333.94,
        565.3,
        82.5,
        140.0
    ],
    "R2_score": 0.7020354833371194,
    "MAE_score": 56.739331262376574,
    "RMSE_score": 75.64397498319813,
    "features": [
        "rho_m",
        "sigma_ion",
        "r_an",
        "sigma_cc",
        "kappa_cc",
        "Delta_V",
        "j",
        "B_flag",
        "B_type",
        "Morph",
        "Synth"
    ]
}