{
    "y_predict": [
        167.09220579823779,
        376.74146790246607,
        376.61348268742734,
        376.74146790246607,
        563.2303336400132,
        416.5392712010513,
        269.9437818399831,
        303.11673267536924,
        80.75283604542233,
        62.46923389703613,
        351.3253778640984,
        251.92363670512754,
        233.64003455674128,
        195.50361028500276,
        176.50659559242945,
        332.5118340479006,
        137.68275436271497,
        142.9157111984073,
        434.8228733494376
    ],
    "y_true": [
        198.0,
        1074.5,
        399.7,
        548.0,
        193.6,
        352.5,
        220.0,
        6.0,
        94.6,
        87.23,
        67.6,
        215.28,
        188.8,
        62.2,
        97.9,
        115.0,
        60.3,
        22.1,
        276.0
    ],
    "R2_score": 0.14353294716953313,
    "MAE_score": 152.3158870044853,
    "RMSE_score": 223.71420589442454,
    "features": [
        "Morph",
        "rho_m",
        "j",
        "kappa_cc",
        "B_flag",
        "r0_an",
        "CC",
        "Synth",
        "Delta_V",
        "r_cat"
    ],
    "importance_mean": [
        0.5203003128124201,
        0.47745334817868024,
        0.29232053764193544,
        0.10326324957390996,
        0.07430523600400925,
        0.07124912982658878,
        0.033482799364587264,
        -0.024423032681487156,
        -0.044014482850994054,
        -0.05029416933226014
    ],
    "importance_std": [
        0.1964866985502394,
        0.2036472454019275,
        0.10080537636919847,
        0.1348493752210688,
        0.17789281770464657,
        0.03336147947401977,
        0.154676471528522,
        0.0411137166185299,
        0.01776199427610356,
        0.04300044162737261
    ]
}