{
    "y_predict": [
        202.0240977628751,
        848.8837132319342,
        397.1339819364715,
        721.8772118690097,
        359.49356197066004,
        329.66567558767076,
        192.75266477041276,
        51.69589929597666,
        176.43928633797077,
        79.51153335844216,
        44.64936551614048,
        266.114151457377,
        222.92163872022905,
        68.76494724934449,
        121.44329956312134,
        154.52237583749852,
        54.477698953125866,
        49.38266726283936,
        336.7925810443027
    ],
    "y_true": [
        198.0,
        1074.5,
        399.7,
        548.0,
        193.6,
        352.5,
        220.0,
        6.0,
        94.6,
        87.23,
        67.6,
        215.28,
        188.8,
        62.2,
        97.9,
        115.0,
        60.3,
        22.1,
        276.0
    ],
    "R2_score": 0.8831845360787319,
    "MAE_score": 54.14458342194774,
    "RMSE_score": 82.62061080668103,
    "features": [
        "Delta_V",
        "E_Bare_Anion_Radius",
        "j",
        "kappa_cc",
        "r_cat",
        "rho_m",
        "B_flag",
        "CC",
        "Group_ID",
        "Morph",
        "Synth"
    ],
    "shap_values": [
        [
            34.67485225378245,
            -16.099282450412865,
            -21.000077995025205,
            -3.7274906059290513,
            -9.416763328269008,
            18.977001859387382,
            -35.3511944832567,
            -7.4780196341092235,
            -39.072389118326534,
            -23.943858068440168,
            14.949554303977347
        ],
        [
            26.556659391504944,
            21.079178668519017,
            490.801962436161,
            3.331264533573412,
            1.332377983961487,
            17.697773369405187,
            -11.909613384885015,
            -1.3102503001806327,
            1.0633805800321716,
            9.642677785977211,
            1.0865351149920024
        ],
        [
            -6.860008888031589,
            14.701365530078766,
            109.31604351171539,
            -0.09874398967658635,
            -3.955268582593417,
            17.528538367789007,
            -23.574219713635976,
            -6.446389010136482,
            27.624178101250365,
            -4.416673441710227,
            -16.196606571733426
        ],
        [
            13.605919423704036,
            20.115751839012372,
            471.37994295779833,
            2.5512626724044094,
            1.1775138646888081,
            14.719395532238996,
            -12.789282119352137,
            -1.5773280172911472,
            -82.43358301879373,
            5.393688035232554,
            0.22216419547141414
        ],
        [
            27.0949413104821,
            -11.944907027919545,
            -117.50847246982143,
            -4.319001431292418,
            -7.357609730621334,
            18.562940090728226,
            187.43786007556008,
            -13.693707678514766,
            -13.5770600508984,
            -7.989912661310082,
            13.276722158882476
        ],
        [
            31.64224125880297,
            4.254924147606362,
            -15.63124442088607,
            -3.752636452915431,
            36.156002466397474,
            22.054019620242762,
            -31.966742569197084,
            -7.375538410363951,
            -7.1485920945065295,
            -0.9603114354953505,
            12.881789598201577
        ],
        [
            -52.9658622017951,
            -8.504103055647574,
            -18.80052969106342,
            -4.329168194647427,
            -9.23685987601988,
            19.85777384659392,
            -36.269704055917245,
            -9.174978289761349,
            31.997852457501214,
            -20.020120606832208,
            10.686599702119128
        ],
        [
            -60.989264417217925,
            8.995921996801625,
            -74.43086999916427,
            -3.796301983107114,
            -11.17603905232274,
            10.026375144087943,
            -31.3866379501333,
            -8.724993776802439,
            -12.234474063326052,
            -14.972407855111523,
            -39.127174476340585
        ],
        [
            24.060855990657583,
            -11.960506507852115,
            51.451377284279005,
            -40.29989051902528,
            -25.39750842756941,
            17.32279207667918,
            -32.67683600000266,
            -22.135917435562295,
            5.215075569339169,
            -20.604853209969587,
            -58.04706731365557
        ],
        [
            23.648389707044117,
            -8.299374543468002,
            -22.046312609958548,
            -35.53965847957508,
            -25.36175708677154,
            12.084460811314639,
            -34.915515868583896,
            -20.188480877069814,
            -13.232575173418955,
            -20.477159781688826,
            -65.67224788719919
        ],
        [
            28.245703051997697,
            -1.693419537472073,
            -77.773813209734,
            -7.883160049068974,
            20.277556096784537,
            9.341428033651901,
            -37.71920795876511,
            -22.426611071476945,
            -26.939501777009244,
            -82.65041210547525,
            -45.64096007751956
        ],
        [
            -67.01295940150274,
            26.40370473845629,
            48.57039423752518,
            0.6065198031907494,
            -3.736945251435973,
            -65.29068938225042,
            -23.15619422980817,
            -4.807365682034288,
            -22.343899784106835,
            79.7407322743244,
            7.629088203831343
        ],
        [
            -61.03059923912864,
            17.701123291123658,
            -5.7039258447215255,
            -1.0446139027910248,
            -5.069653826574795,
            -49.54321909931139,
            -23.773349398594583,
            -5.397579890128691,
            -28.89269218860172,
            88.31326002730174,
            7.851122647396988
        ],
        [
            18.65185802252672,
            -20.747875986315776,
            -45.65087935964286,
            -5.582510337415734,
            -7.649601726277615,
            -50.57851330547884,
            -36.749333464417724,
            -13.125219548499444,
            -18.4751884813355,
            -48.957222682719,
            8.11766872873035
        ],
        [
            -74.13291128749377,
            -15.523447858234867,
            -13.688026556535332,
            -3.538654606360942,
            -10.144299094133311,
            14.245817900925177,
            -36.986044299496136,
            -6.56454854710144,
            -13.55618945876813,
            -18.85609261509633,
            10.67593111968803
        ],
        [
            32.53403248624061,
            -15.547120483838953,
            -36.29783408606018,
            -63.81735845078421,
            14.046573463058449,
            20.69907427109254,
            -33.19037771360556,
            -35.66860800854047,
            -10.113024854164832,
            -18.954883283046183,
            11.320135795004898
        ],
        [
            -66.38249125951435,
            -13.681834037546068,
            -33.98203103036823,
            -4.564230599994771,
            20.633902837678907,
            -47.806021926972605,
            -33.5411363451551,
            -8.208792087078328,
            -31.781205924535097,
            -19.9649853514781,
            4.244756034401944
        ],
        [
            -69.58596998478053,
            -13.895689220027998,
            -5.807615464686969,
            -3.7394497497391423,
            -13.74335171110055,
            -50.399576129661,
            -35.23950135492137,
            -8.303065659721614,
            -21.79160149190233,
            -22.505461832311703,
            4.88218271400081
        ],
        [
            17.846318967049157,
            -3.624568494420964,
