{
    "y_predict": [
        447.2946330893485,
        208.016875350617,
        294.60997096152613,
        33.91778810223582,
        228.05286151996697,
        153.86212619079782,
        161.1368426722463,
        205.3882344215663,
        210.65590508917398,
        253.5738003149996,
        245.7139927557443,
        360.66511591476126,
        253.24824164588094,
        341.7225271421418,
        309.37513648484065,
        584.552543787175,
        105.2684231847607,
        375.6460706523519
    ],
    "y_true": [
        455.0,
        198.0,
        325.0,
        25.0,
        240.6,
        149.0,
        94.6,
        118.4,
        131.0,
        260.4,
        310.4,
        377.13,
        287.4,
        354.8,
        333.94,
        565.3,
        82.5,
        140.0
    ],
    "R2_score": 0.7612032114140235,
    "MAE_score": 41.3921405345397,
    "RMSE_score": 67.71834082769793,
    "features": [
        "Delta_V",
        "j",
        "kappa_cc",
        "r_an",
        "rho_m",
        "sigma_cc",
        "sigma_ion",
        "B_flag",
        "B_type",
        "Group_ID",
        "Morph",
        "Synth"
    ],
    "shap_values": [
        [
            34.67624917139212,
            41.54660120691082,
            4.271097242266405,
            -3.813470072244527,
            7.797697831220139,
            7.4002884218562395,
            80.84060546084031,
            -12.300762966210023,
            -7.930061553829582,
            59.71132877215539,
            -14.463928606361733,
            6.676100797075487
        ],
        [
            21.838705932011216,
            -13.70551607851221,
            2.6838854286936114,
            -24.934679819628364,
            4.453412254409195,
            6.385658599240705,
            -20.192469736321073,
            -19.65121862124186,
            18.689080796635245,
            4.167383776838688,
            -24.523903029850917,
            9.923647887193074
        ],
        [
            34.17669926619215,
            -54.09574580499391,
            4.284435539525003,
            -0.28939805077330677,
            5.299694006708596,
            7.349019643384963,
            96.220724328461,
            -13.449952096049675,
            -12.894606179646798,
            -19.45435286496373,
            -6.283907313207164,
            10.864473724224663
        ],
        [
            -51.54846334534392,
            -62.705480016200596,
            2.395264937960892,
            20.97255672929139,
            -1.4729423352261073,
            4.424473997382447,
            -22.487414272760798,
            -22.753916010246613,
            -23.087841316745035,
            -19.360101228050336,
            -11.754940915673796,
            -21.586297054123715
        ],
        [
            21.995637630783605,
            57.26414446358572,
            2.618238190866541,
            -36.78364273360581,
            4.174124354718515,
            6.655385900707915,
            -20.59720262239367,
            -18.1926506739459,
            16.261974113617324,
            -1.3311970627815026,
            -27.42627501284791,
            -19.46856272712583
        ],
        [
            25.938321688641736,
            -20.194900521014898,
            2.5752851190580985,
            -25.596410041328053,
            -0.7283784232933249,
            6.234693674750161,
            -17.293169311114763,
            -19.281324653150513,
            16.10413061694242,
            -5.4184708752222654,
            -23.694324510416774,
            -27.666214031244163
        ],
        [
            9.70241370930744,
            66.05658703955245,
            -3.896194927622564,
            -32.36410762288957,
            4.405346151253907,
            -22.90176468243357,
            -15.352478061737202,
            -17.933901310786606,
            -15.29278123598313,
            -6.565657570965486,
            -15.890991513788176,
            -31.712515056854755
        ],
        [
            -42.019754062442516,
            62.91108712111954,
            -5.986105411538156,
            7.504306847525586,
            8.645635534994799,
            -23.629563503838146,
            -22.136692881976487,
            -18.214314261535183,
            -17.94377965645457,
            17.968027794328954,
            -10.100641887834353,
            5.507142167137645
        ],
        [
            38.48977412227046,
            -10.369118576411601,
            2.568626234687399,
            33.35492738633417,
            4.452274493541336,
            5.332094494260382,
            -19.137945617099177,
            -20.660035899563226,
            -28.349700746359304,
            -25.55519660490274,
            -22.30208606778964,
            9.949401381200879
        ],
        [
            -36.68005032365065,
            -3.532119070971821,
            2.586650868455763,
            39.249283805419985,
            -7.185528276105906,
            4.540520009985194,
            -11.571821276202682,
            -21.571762720628175,
            -17.959645795914692,
            59.7901114621431,
            -3.6116334617423127,
            6.636905293522286
        ],
        [
            -54.106923765521785,
            -17.998454173371865,
            3.3167939255241072,
            31.02658588119346,
            -4.9671953193692024,
            6.2189231351949275,
            -8.79039372238185,
            -15.09820782521041,
            -24.768671774448013,
            3.1721217915181477,
            78.15451792988985,
            6.672009044966544
        ],
        [
            27.99902630853234,
            38.7514309940462,
            2.584564898556564,
            -23.22365956358437,
            8.032716448086576,
            7.593254134627059,
            7.879393026653852,
            -16.495883982665838,
            33.53217322885292,
            30.862253546984594,
            -9.013234248601657,
            9.280193320276158
        ],
        [
            21.02631649854069,
            -81.40627230509149,
            2.2847299517178907,
            -20.46843713290713,
            4.3543693274627735,
            6.795521185172256,
            1.8123220234902693,
            -14.36374547954183,
            43.114480529705176,
            45.70023871779356,
            -7.84362402720697,
            9.359452809246722
        ],
        [
            33.24076337319988,
            -8.721549654969676,
            2.552227744767442,
            44.01973177405889,
            5.369897146292496,
            10.01075333681656,
            -14.774199727630766,
            -14.957242887106258,
            35.301305977310406,
            -4.597202463652357,
            0.6627070188988,
            10.732447674517461
        ],
        [
            34.95405976405207,
            -38.71552552414443,
            2.4027407349692655,
            37.78097272327519,
            5.000475237939972,
            9.980370574845,
            -15.923213326644909,
            -16.348762042657473,
            39.40748184642929,
            -2.2366570630720526,
            0.6757865445129574,
            9.514519288247392
        ],
        [
            36.688468136053125,
            74.97623614670829,
            3.3080803895602005,
            62.99899555271608,
            8.085009587944368,
            11.309619021080435,
            -1.9326966479149996,
            -7.447382894195616,
            38.72331306394597,
            -1.242236361639225,
            109.31610900170082,
            6.8861450943173255
        ],
        [
            22.657787299564806,
            -68.18043047648966,
            -6.44019172835513,
            -2.949212879340921,
            5.200108886520175,
            -39.242071862677115,
            -28.659114517013368,
            -12.093450297490927,
            5.9885681553778705,
            -10.825221585531107,
            -12.666084076019178,
