{
    "y_predict": [
        360.56620842074085,
        221.12841631389912,
        333.0661048373382,
        297.15035278899865,
        157.92997966590093,
        133.57435024640182,
        65.64077046002893,
        241.9281454967283,
        382.81981172037206,
        163.00678971493465,
        197.66482296780003,
        288.42410012212656,
        142.29032360513173,
        428.3498085162264,
        412.11272223656033,
        479.2449280487579,
        197.3800825083624,
        328.6983834502718
    ],
    "y_true": [
        455.0,
        198.0,
        325.0,
        25.0,
        240.6,
        149.0,
        94.6,
        118.4,
        131.0,
        260.4,
        310.4,
        377.13,
        287.4,
        354.8,
        333.94,
        565.3,
        82.5,
        140.0
    ],
    "R2_score": 0.16388176228750473,
    "MAE_score": 104.74897525649631,
    "RMSE_score": 126.71438384984734,
    "features": [
        "rho_m",
        "sigma_ion",
        "r_an",
        "sigma_cc",
        "kappa_cc",
        "Delta_V",
        "j",
        "B_flag",
        "B_type",
        "Morph",
        "Synth"
    ]
}