{
    "y_predict": [
        447.2946330893485,
        208.016875350617,
        294.60997096152613,
        33.91778810223582,
        228.05286151996697,
        153.86212619079782,
        161.1368426722463,
        205.3882344215663,
        210.65590508917398,
        253.5738003149996,
        245.7139927557443,
        360.66511591476126,
        253.24824164588094,
        341.7225271421418,
        309.37513648484065,
        584.552543787175,
        105.2684231847607,
        375.6460706523519
    ],
    "y_true": [
        455.0,
        198.0,
        325.0,
        25.0,
        240.6,
        149.0,
        94.6,
        118.4,
        131.0,
        260.4,
        310.4,
        377.13,
        287.4,
        354.8,
        333.94,
        565.3,
        82.5,
        140.0
    ],
    "R2_score": 0.7612032114140235,
    "MAE_score": 41.3921405345397,
    "RMSE_score": 67.71834082769793,
    "features": [
        "j",
        "Group_ID",
        "Morph",
        "sigma_ion",
        "r_an",
        "Delta_V",
        "B_type",
        "Synth",
        "sigma_cc",
        "kappa_cc",
        "rho_m",
        "B_flag"
    ],
    "importance_mean": [
        0.26062591903615984,
        0.21403069623274132,
        0.20149471610261874,
        0.15095225863506723,
        0.14632425747366778,
        0.1366531854495926,
        0.13181834797758027,
        0.04118652201686815,
        0.03186320606441216,
        0.004687174969763534,
        0.00021855815965827013,
        0.0
    ],
    "importance_std": [
        0.16026757941725622,
        0.06935864860177239,
        0.07695968729273608,
        0.08664331963824733,
        0.07143030038778653,
        0.052260850328135405,
        0.07105380378678734,
        0.021211812964697017,
        0.031779328020625844,
        0.0037531783893884696,
        0.013937694751592821,
        0.0
    ]
}