{
    "y_predict": [
        202.0240977628751,
        848.8837132319342,
        397.1339819364715,
        721.8772118690097,
        359.49356197066004,
        329.66567558767076,
        192.75266477041276,
        51.69589929597666,
        176.43928633797077,
        79.51153335844216,
        44.64936551614048,
        266.114151457377,
        222.92163872022905,
        68.76494724934449,
        121.44329956312134,
        154.52237583749852,
        54.477698953125866,
        49.38266726283936,
        336.7925810443027
    ],
    "y_true": [
        198.0,
        1074.5,
        399.7,
        548.0,
        193.6,
        352.5,
        220.0,
        6.0,
        94.6,
        87.23,
        67.6,
        215.28,
        188.8,
        62.2,
        97.9,
        115.0,
        60.3,
        22.1,
        276.0
    ],
    "R2_score": 0.8831845360787319,
    "MAE_score": 54.14458342194774,
    "RMSE_score": 82.62061080668103,
    "features": [
        "j",
        "Group_ID",
        "Delta_V",
        "Morph",
        "rho_m",
        "Synth",
        "B_flag",
        "r_cat",
        "kappa_cc",
        "E_Bare_Anion_Radius",
        "CC"
    ],
    "importance_mean": [
        1.2670129867455031,
        0.12055939229566597,
        0.10503106184210821,
        0.08957176784217234,
        0.05673212591878136,
        0.02959998383869017,
        0.028881891053772667,
        0.02616783839483201,
        0.022696069449549654,
        0.01841874762621847,
        0.009899852407509365
    ],
    "importance_std": [
        0.38102617921241816,
        0.04951282715807619,
        0.032601624664034004,
        0.039093444090399984,
        0.02212629454023268,
        0.017386541932005322,
        0.035138874245652846,
        0.016991807283896303,
        0.01752903741730245,
        0.016075793332184365,
        0.011550296616811232
    ]
}