{
    "y_predict": [
        421.1807150397845,
        220.01328804538792,
        323.39834503624513,
        82.54194167290767,
        211.45673838997988,
        157.33704392541983,
        101.79646930168269,
        197.30811950726775,
        261.794436324325,
        203.08951196406616,
        193.52511220677195,
        333.61907623858787,
        236.43941669783004,
        360.3889600938401,
        334.39652162326416,
        605.7045825749309,
        116.89938481118504,
        355.76293941646395
    ],
    "y_true": [
        455.0,
        198.0,
        325.0,
        25.0,
        240.6,
        149.0,
        94.6,
        118.4,
        131.0,
        260.4,
        310.4,
        377.13,
        287.4,
        354.8,
        333.94,
        565.3,
        82.5,
        140.0
    ],
    "R2_score": 0.7104672501926945,
    "MAE_score": 51.923598429078304,
    "RMSE_score": 74.56601182704188,
    "features": [
        "rho_m",
        "sigma_ion",
        "r_an",
        "sigma_cc",
        "kappa_cc",
        "Delta_V",
        "j",
        "B_flag",
        "B_type",
        "Morph",
        "Synth"
    ],
    "params": [
        0.12473271828740082,
        0.16981944651263556,
        0.7463396969012583
    ]
}