{
    "y_predict": [
        396.8437456519455,
        202.0986954383451,
        341.42637300591724,
        131.01080644430576,
        202.40073573036838,
        152.75747041540725,
        121.174142443408,
        210.88698233112146,
        263.1204251051676,
        189.71151158983807,
        196.60946770007968,
        292.9898097386103,
        232.9568059697889,
        367.87836923514305,
        344.38265265308434,
        579.017945602362,
        148.30949682857616,
        354.01741425534254
    ],
    "y_true": [
        455.0,
        198.0,
        325.0,
        25.0,
        240.6,
        149.0,
        94.6,
        118.4,
        131.0,
        260.4,
        310.4,
        377.13,
        287.4,
        354.8,
        333.94,
        565.3,
        82.5,
        140.0
    ],
    "R2_score": 0.6479618838595865,
    "MAE_score": 62.10881652097498,
    "RMSE_score": 82.22178711083836,
    "features": [
        "rho_m",
        "sigma_ion",
        "r_an",
        "sigma_cc",
        "kappa_cc",
        "Delta_V",
        "j",
        "B_flag",
        "B_type",
        "Morph",
        "Synth"
    ]
}