{
    "y_predict": [
        210.79903067236492,
        918.5987652083321,
        260.99831603082663,
        918.5987652083321,
        429.163206950263,
        359.46513600646523,
        132.75197935891393,
        82.1154401307721,
        155.7700198406484,
        92.71822731413113,
        72.18636739513664,
        321.7579182582121,
        294.41984321107594,
        86.47720807131901,
        100.6957645604713,
        161.79448233651718,
        70.34596172546108,
        51.38357950957888,
        360.18691404464846
    ],
    "y_true": [
        198.0,
        1074.5,
        399.7,
        548.0,
        193.6,
        352.5,
        220.0,
        6.0,
        94.6,
        87.23,
        67.6,
        215.28,
        188.8,
        62.2,
        97.9,
        115.0,
        60.3,
        22.1,
        276.0
    ],
    "R2_score": 0.7414027261893169,
    "MAE_score": 82.34835813880655,
    "RMSE_score": 122.92782664193669,
    "features": [
        "rho_m",
        "r0_an",
        "r_cat",
        "kappa_cc",
        "Delta_V",
        "j",
        "B_flag",
        "CC",
        "Morph",
        "Synth"
    ]
}