{
    "y_predict": [
        405.8190324413455,
        200.97098421012052,
        347.4663405964292,
        66.31661206088637,
        227.98704075762603,
        160.0544300183746,
        139.78245948249972,
        174.80285459722205,
        212.7584283168105,
        183.03312530360296,
        203.51073284239993,
        320.2291059491731,
        229.04670807376615,
        351.7363795114685,
        326.47520764652086,
        621.678964910672,
        131.1287073548075,
        380.1663593157558
    ],
    "y_true": [
        455.0,
        198.0,
        325.0,
        25.0,
        240.6,
        149.0,
        94.6,
        118.4,
        131.0,
        260.4,
        310.4,
        377.13,
        287.4,
        354.8,
        333.94,
        565.3,
        82.5,
        140.0
    ],
    "R2_score": 0.6986398481650438,
    "MAE_score": 54.34215601875973,
    "RMSE_score": 76.07377730694344,
    "features": [
        "rho_m",
        "sigma_ion",
        "r_an",
        "sigma_cc",
        "kappa_cc",
        "Delta_V",
        "j",
        "B_flag",
        "B_type",
        "Morph",
        "Synth"
    ]
}