{
    "y_predict": [
        215.44752502441406,
        928.1160278320312,
        244.7980194091797,
        928.1160278320312,
        310.7502136230469,
        348.1482238769531,
        141.3671875,
        63.45235824584961,
        170.618408203125,
        104.66179656982422,
        55.87347412109375,
        320.67218017578125,
        315.2090759277344,
        55.28090286254883,
        72.29846954345703,
        135.73777770996094,
        62.938533782958984,
        22.170156478881836,
        346.442626953125
    ],
    "y_true": [
        198.0,
        1074.5,
        399.7,
        548.0,
        193.6,
        352.5,
        220.0,
        6.0,
        94.6,
        87.23,
        67.6,
        215.28,
        188.8,
        62.2,
        97.9,
        115.0,
        60.3,
        22.1,
        276.0
    ],
    "R2_score": 0.7722616155124774,
    "MAE_score": 74.72759870428789,
    "RMSE_score": 115.36029291138065,
    "features": [
        "rho_m",
        "r0_an",
        "r_cat",
        "kappa_cc",
        "Delta_V",
        "j",
        "B_flag",
        "CC",
        "Morph",
        "Synth"
    ],
    "params": {
        "max_depth": 8,
        "min_child_weight": 1,
        "subsample": 0.5938241184019405,
        "colsample_bytree": 0.8372155192745087,
        "gamma": 2.9361672867027337,
        "reg_alpha": 1.8404166734306202,
        "reg_lambda": 0.0017997507232792977,
        "learning_rate": 0.017448313698812376,
        "n_estimators": 1321
    }
}