{
    "y_predict": [
        459.3661193847656,
        215.3013458251953,
        287.6900329589844,
        65.6596450805664,
        229.29129028320312,
        160.52011108398438,
        192.08921813964844,
        229.54153442382812,
        226.51358032226562,
        235.04112243652344,
        272.06072998046875,
        380.0092468261719,
        291.77764892578125,
        357.6823425292969,
        342.88702392578125,
        548.7216186523438,
        102.83523559570312,
        371.8080139160156
    ],
    "y_true": [
        455.0,
        198.0,
        325.0,
        25.0,
        240.6,
        149.0,
        94.6,
        118.4,
        131.0,
        260.4,
        310.4,
        377.13,
        287.4,
        354.8,
        333.94,
        565.3,
        82.5,
        140.0
    ],
    "R2_score": 0.736000126722899,
    "MAE_score": 43.228681759304465,
    "RMSE_score": 71.20228434550945,
    "features": [
        "Morph",
        "j",
        "Delta_V",
        "Group_ID",
        "sigma_cc",
        "B_type",
        "r_an",
        "sigma_ion",
        "Synth",
        "kappa_cc",
        "B_flag",
        "rho_m"
    ],
    "importance_mean": [
        0.285787986515858,
        0.22750721824652556,
        0.18495176212073597,
        0.14894462572299325,
        0.07635835698536364,
        0.058692933483410384,
        0.05615287215505419,
        0.050737618929581424,
        0.0425094254227952,
        0.020467509862271263,
        0.0,
        -0.002642608666269612
    ],
    "importance_std": [
        0.12366556031039537,
        0.15935335239042908,
        0.07773659668690276,
        0.049455182151312005,
        0.04293699827075953,
        0.02576388604989151,
        0.055611394939589734,
        0.04072138005264803,
        0.022471131413666842,
        0.009133925136744703,
        0.0,
        0.031701465708997685
    ]
}