{
    "y_predict": [
        212.17747497558594,
        1015.6884765625,
        366.9263000488281,
        831.0604248046875,
        285.43817138671875,
        336.71490478515625,
        168.8768310546875,
        59.086639404296875,
        135.63023376464844,
        84.3150405883789,
        49.06789779663086,
        238.5345001220703,
        202.053955078125,
        43.04100036621094,
        103.40864562988281,
        150.39154052734375,
        55.09545135498047,
        24.31414031982422,
        295.92059326171875
    ],
    "y_true": [
        198.0,
        1074.5,
        399.7,
        548.0,
        193.6,
        352.5,
        220.0,
        6.0,
        94.6,
        87.23,
        67.6,
        215.28,
        188.8,
        62.2,
        97.9,
        115.0,
        60.3,
        22.1,
        276.0
    ],
    "R2_score": 0.9065068825532976,
    "MAE_score": 41.42317982723838,
    "RMSE_score": 73.91422930256029,
    "features": [
        "j",
        "Group_ID",
        "B_flag",
        "r_cat",
        "Delta_V",
        "rho_m",
        "Morph",
        "Synth",
        "E_Bare_Anion_Radius",
        "kappa_cc",
        "CC"
    ],
    "importance_mean": [
        1.4623696733307077,
        0.17293265174877678,
        0.10582265487447984,
        0.07628800455377836,
        0.07151166775847248,
        0.053987118061474965,
        0.048618876516192885,
        0.04696694573117363,
        0.021887241022659647,
        0.019766172599202582,
        0.014449161623524468
    ],
    "importance_std": [
        0.4169296430521236,
        0.06228231725895042,
        0.05198108085061511,
        0.04667168886465417,
        0.028647370119877304,
        0.019338870857695853,
        0.017493792012599742,
        0.02110461662053523,
        0.013567027261659446,
        0.013914253847594696,
        0.012910893659041509
    ]
}