{
    "y_predict": [
        461.40411376953125,
        217.67242431640625,
        311.26922607421875,
        48.842525482177734,
        230.74285888671875,
        154.26220703125,
        160.06622314453125,
        220.3561553955078,
        249.6284637451172,
        231.6246337890625,
        281.1984558105469,
        340.0030822753906,
        257.59613037109375,
        345.9019470214844,
        330.59808349609375,
        557.9501342773438,
        77.3916244506836,
        398.8190002441406
    ],
    "y_true": [
        455.0,
        198.0,
        325.0,
        25.0,
        240.6,
        149.0,
        94.6,
        118.4,
        131.0,
        260.4,
        310.4,
        377.13,
        287.4,
        354.8,
        333.94,
        565.3,
        82.5,
        140.0
    ],
    "R2_score": 0.7073225651420256,
    "MAE_score": 42.95805203755696,
    "RMSE_score": 74.96985794340203,
    "features": [
        "B_flag",
        "B_type",
        "Delta_V",
        "Group_ID",
        "Morph",
        "Synth",
        "j",
        "kappa_cc",
        "r_an",
        "rho_m",
        "sigma_cc",
        "sigma_ion"
    ],
    "params": {
        "max_depth": 4,
        "min_child_weight": 1,
        "subsample": 0.7912484456062452,
        "colsample_bytree": 0.740292568116342,
        "reg_alpha": 0.10768823397206678,
        "reg_lambda": 0.21768717632800372,
        "learning_rate": 0.09255815371201435,
        "n_estimators": 604
    }
}