{
    "y_predict": [
        216.81187438964844,
        1014.923095703125,
        382.4695129394531,
        841.7200317382812,
        255.48239135742188,
        330.7720031738281,
        172.1896514892578,
        52.48849868774414,
        140.4700469970703,
        84.38689422607422,
        55.197364807128906,
        240.46487426757812,
        198.1890869140625,
        47.8414192199707,
        104.20345306396484,
        144.75071716308594,
        59.34995651245117,
        27.14291000366211,
        305.6375427246094
    ],
    "y_true": [
        198.0,
        1074.5,
        399.7,
        548.0,
        193.6,
        352.5,
        220.0,
        6.0,
        94.6,
        87.23,
        67.6,
        215.28,
        188.8,
        62.2,
        97.9,
        115.0,
        60.3,
        22.1,
        276.0
    ],
    "R2_score": 0.9061093570699239,
    "MAE_score": 39.42008048609683,
    "RMSE_score": 74.07120140608254,
    "features": [
        "B_flag",
        "CC",
        "Delta_V",
        "E_Bare_Anion_Radius",
        "Group_ID",
        "Morph",
        "Synth",
        "j",
        "kappa_cc",
        "r_cat",
        "rho_m"
    ],
    "params": {
        "max_depth": 3,
        "min_child_weight": 1,
        "subsample": 0.9197230673941709,
        "colsample_bytree": 0.6197951706536162,
        "reg_alpha": 0.807501273495598,
        "reg_lambda": 0.6828593270494566,
        "learning_rate": 0.09518104888330202,
        "n_estimators": 859
    }
}