{
    "y_predict": [
        359.31493438295456,
        225.95896736532316,
        331.93878456907225,
        296.7230387221293,
        163.00925937317874,
        137.81185341806275,
        60.4940579396129,
        246.10551468916685,
        372.7699092651026,
        160.1916306694868,
        201.40800102415113,
        286.46511101897704,
        135.2806752882811,
        432.64308340524553,
        415.84481276850147,
        486.20431043754917,
        203.94098123247824,
        325.225784840615
    ],
    "y_true": [
        455.0,
        198.0,
        325.0,
        25.0,
        240.6,
        149.0,
        94.6,
        118.4,
        131.0,
        260.4,
        310.4,
        377.13,
        287.4,
        354.8,
        333.94,
        565.3,
        82.5,
        140.0
    ],
    "R2_score": 0.1689927054741751,
    "MAE_score": 105.12005796141001,
    "RMSE_score": 126.32650644410667,
    "features": [
        "j",
        "Morph",
        "B_type",
        "Synth",
        "kappa_cc",
        "rho_m",
        "Delta_V",
        "sigma_cc",
        "B_flag",
        "sigma_ion",
        "Group_ID",
        "r_an"
    ],
    "importance_mean": [
        0.18048989092766382,
        0.15280544778625677,
        0.10084978904612378,
        0.09300800169282945,
        0.0426472080052614,
        0.037124739524871234,
        0.01514790552650026,
        0.00011937705633772167,
        2.220446049250313e-16,
        -0.011291216760885122,
        -0.014289032878630667,
        -0.051477792461402126
    ],
    "importance_std": [
        0.15318092943798378,
        0.09383343223283067,
        0.05557071227889543,
        0.15288293214261955,
        0.06387938162027573,
        0.09050414546505073,
        0.07464993024797072,
        0.00048368510329514335,
        0.0,
        0.01420191249095772,
        0.0075265716523343395,
        0.11801041153479844
    ]
}