{
    "y_predict": [
        166.37587909372448,
        374.7593898644044,
        374.63262812956634,
        374.6139223233904,
        556.502060620226,
        414.7320152800548,
        268.4031592625961,
        302.9399205959583,
        78.1224398588173,
        60.01362059623568,
        353.783711219433,
        252.1588818181153,
        234.05006255553369,
        199.12094739798778,
        177.34065289949328,
        331.9161305084816,
        138.048765465017,
        143.61580426152474,
        433.022668968904
    ],
    "y_true": [
        198.0,
        1074.5,
        399.7,
        548.0,
        193.6,
        352.5,
        220.0,
        6.0,
        94.6,
        87.23,
        67.6,
        215.28,
        188.8,
        62.2,
        97.9,
        115.0,
        60.3,
        22.1,
        276.0
    ],
    "R2_score": 0.14317179363940724,
    "MAE_score": 152.7298368940625,
    "RMSE_score": 223.76136863076937,
    "features": [
        "Morph",
        "rho_m",
        "j",
        "kappa_cc",
        "E_Bare_Anion_Radius",
        "B_flag",
        "CC",
        "Group_ID",
        "Synth",
        "Delta_V",
        "r_cat"
    ],
    "importance_mean": [
        0.5148503425021789,
        0.4786850225747352,
        0.2883683038548387,
        0.10539904650906094,
        0.07442041961105424,
        0.07199805056516183,
        0.033111500813591814,
        -0.0015541124950512113,
        -0.02480393539200082,
        -0.046041612239752006,
        -0.0507003434119705
    ],
    "importance_std": [
        0.19481185470079823,
        0.20352589394911433,
        0.09977899921032912,
        0.1371706189401039,
        0.03470651576020239,
        0.1755311916672389,
        0.1559663716718678,
        0.0016610208207706058,
        0.04200740923112019,
        0.01864379368832001,
        0.04186512842837927
    ]
}