{
    "y_predict": [
        396.42854574735526,
        215.2306375918629,
        332.28651158280104,
        137.1356528341818,
        203.78872064966913,
        153.98151010442453,
        104.35446136189184,
        205.4915588595724,
        278.7598671683815,
        185.8591278605946,
        200.2668215751181,
        311.67174158418106,
        211.21255140015515,
        375.7941131613696,
        352.5145566682257,
        573.6067848233607,
        147.1708139271469,
        357.17698830090785
    ],
    "y_true": [
        455.0,
        198.0,
        325.0,
        25.0,
        240.6,
        149.0,
        94.6,
        118.4,
        131.0,
        260.4,
        310.4,
        377.13,
        287.4,
        354.8,
        333.94,
        565.3,
        82.5,
        140.0
    ],
    "R2_score": 0.6319398911580352,
    "MAE_score": 63.203663753725195,
    "RMSE_score": 84.07201238500083,
    "features": [
        "j",
        "Morph",
        "B_type",
        "Synth",
        "Delta_V",
        "sigma_ion",
        "r_an",
        "sigma_cc",
        "kappa_cc",
        "B_flag",
        "rho_m"
    ],
    "importance_mean": [
        0.20423582927234102,
        0.1792244110017284,
        0.11586404839204055,
        0.10340816497769403,
        0.09309650186941149,
        0.07233280663756561,
        0.041545650167924594,
        0.023414070828408722,
        0.022730476150637273,
        0.0,
        -0.012640295237570716
    ],
    "importance_std": [
        0.1274517219642081,
        0.08400521388301162,
        0.06284106599585551,
        0.07479445443349542,
        0.05904246714423636,
        0.05495245348598845,
        0.05976198725024344,
        0.021227265618023353,
        0.025598802507026223,
        0.0,
        0.04865995552317477
    ]
}