{
    "y_predict": [
        199.1782640851437,
        735.0494742438387,
        300.868793153645,
        735.0494742438387,
        449.5282766248235,
        366.81256411173035,
        183.1250551336781,
        157.8722860696961,
        136.32058273003008,
        89.95270873188777,
        161.72432090908737,
        297.75308179477815,
        280.3263608646226,
        121.61380906917763,
        122.56876447430302,
        212.92240384722012,
        89.26397103315487,
        77.4983364832115,
        381.4284096676552
    ],
    "y_true": [
        198.0,
        1074.5,
        399.7,
        548.0,
        193.6,
        352.5,
        220.0,
        6.0,
        94.6,
        87.23,
        67.6,
        215.28,
        188.8,
        62.2,
        97.9,
        115.0,
        60.3,
        22.1,
        276.0
    ],
    "R2_score": 0.7256091795357238,
    "MAE_score": 93.15054169522101,
    "RMSE_score": 126.62603887563188,
    "features": [
        "j",
        "rho_m",
        "Morph",
        "Delta_V",
        "B_flag",
        "kappa_cc",
        "r0_an",
        "Synth",
        "r_cat",
        "CC"
    ],
    "importance_mean": [
        0.9072439936972944,
        0.1467635824162788,
        0.1212789286104368,
        0.06823481579460425,
        0.05373073964913674,
        0.041933173422639365,
        0.03901853480507782,
        0.020464485770089486,
        0.01941424624484989,
        0.00841539727759996
    ],
    "importance_std": [
        0.25127207789197015,
        0.050627585245650496,
        0.06200764045835355,
        0.03324876753849795,
        0.06699361940969618,
        0.033178947652334534,
        0.03094651319194883,
        0.02216026276059524,
        0.01890206476221342,
        0.019843615576892293
    ]
}