{
    "y_predict": [
        459.3661193847656,
        215.3013458251953,
        287.6900329589844,
        65.6596450805664,
        229.29129028320312,
        160.52011108398438,
        192.08921813964844,
        229.54153442382812,
        226.51358032226562,
        235.04112243652344,
        272.06072998046875,
        380.0092468261719,
        291.77764892578125,
        357.6823425292969,
        342.88702392578125,
        548.7216186523438,
        102.83523559570312,
        371.8080139160156
    ],
    "y_true": [
        455.0,
        198.0,
        325.0,
        25.0,
        240.6,
        149.0,
        94.6,
        118.4,
        131.0,
        260.4,
        310.4,
        377.13,
        287.4,
        354.8,
        333.94,
        565.3,
        82.5,
        140.0
    ],
    "R2_score": 0.736000126722899,
    "MAE_score": 43.228681759304465,
    "RMSE_score": 71.20228434550945,
    "features": [
        "Delta_V",
        "j",
        "kappa_cc",
        "r_an",
        "rho_m",
        "sigma_cc",
        "sigma_ion",
        "B_flag",
        "B_type",
        "Group_ID",
        "Morph",
        "Synth"
    ],
    "shap_values": [
        [
            51.31104235883919,
            48.394554157892706,
            2.3085557243181394,
            21.730604154786562,
            18.063444287125023,
            13.980106971608475,
            53.17488807847258,
            -21.867597588808277,
            -8.813057544766925,
            43.344003327849784,
            -12.537383793344489,
            7.4954950095526875
        ],
        [
            27.98555859680171,
            -12.347769164890051,
            1.1457217651838436,
            -21.608853542737197,
            9.669117689472623,
            13.31746320287697,
            -12.083440803948324,
            -20.62513739700895,
            19.731482807281427,
            -20.028832083432935,
            -22.378514009094797,
            9.743250548709184
        ],
        [
            36.74179000160075,
            -56.37448690729448,
            2.3991844958858564,
            18.85193456537789,
            11.15375902843196,
            14.951452181106433,
            47.28371419984498,
            -15.879048651549965,
            -10.789181109806522,
            -3.2006752604688518,
            -10.455396226814482,
            10.225785744553432
        ],
        [
            -65.71018404333387,
            -45.51547971715918,
            2.062729603992775,
            2.775180188587401,
            8.327625188864767,
            7.360586637668312,
            -8.732907635596348,
            -21.516875980743208,
            -16.392571620894596,
            -1.916356306602247,
            -9.18668683108408,
            -28.67680097588338
        ],
        [
            24.111495463611792,
            61.176647904983255,
            1.0073211177717893,
            -19.90656446216046,
            12.804662218918093,
            11.079795857910067,
            -19.017852406743913,
            -23.897664401512593,
            2.648679297317285,
            -10.191411146826576,
            -33.41924858830869,
            -19.8858846355509
        ],
        [
            26.91667675159988,
            -31.156478723259642,
            0.9367207385087386,
            -3.675713627090445,
            8.165115998033434,
            13.549835221208632,
            -20.40071841065539,
            -22.477293957378716,
            15.272373748561368,
            -10.874759228478652,
            -28.066878313128836,
            -30.450062961725052
        ],
        [
            13.82913882947294,
            75.7755398059613,
            -10.414055749354883,
            -21.486281521023486,
            11.711578274159692,
            -42.939407012751325,
            -13.757733146706014,
            -24.652185432119296,
            -13.599051680185367,
            12.269593793752138,
            -14.267856215275824,
            -23.161591030955314
        ],
        [
            -39.29850693094195,
            68.4319789489382,
            -13.145734768745024,
            -0.09387605158146471,
            14.95985636993777,
            -17.5637907782197,
            -7.375404990863753,
            -23.649743384164758,
            -15.198705092668533,
            33.23805829832796,
            -18.965115772360004,
            5.421174664534629
        ],
        [
            51.934592173839626,
            -14.060510348426178,
            1.4315729631250724,
            8.116686239051633,
            6.164913781285286,
            12.755277877291665,
            -4.974121405518381,
            -21.49553155325353,
            -15.733074557916261,
            -31.72194010404637,
            -18.070382437319495,
            9.384994796728716
        ],
        [
            -2.6905531623982823,
            -4.996625047554262,
            1.369993585771881,
            14.558684077379294,
            -12.424585320581683,
            7.998938745371998,
            -6.191745793053415,
            -22.160617094277406,
            -13.478615318923257,
            26.63303425441729,
            -3.769727120385505,
            7.411483024104964
        ],
        [
            -27.54709437240381,
            -6.80134963305667,
            1.494679503343068,
            14.464835762362927,
            -24.738263208926654,
            8.019465370671824,
            -4.149048664689762,
            -19.530756093249657,
            -16.18652915114537,
            14.372738391542807,
            80.83901245096233,
            9.041994263094384
        ],
        [
            35.82173538542935,
            40.87070168319624,
            1.2915337068028747,
            -13.025583410467952,
            15.160617252965459,
            12.865773487892001,
            -8.303635225943289,
            -24.34186708925292,
            25.74941762941424,
            61.38689111677464,
            -17.522174518592657,
            7.2746071177953855
        ],
        [
            35.32678714676411,
            -79.37906378382118,
            1.1263018329488113,
            -12.085598432889674,
            9.465066610416397,
            13.77326247183606,
            -13.341481828978285,
            -11.91893131534569,
            34.485132828261705,
            74.37295047470602,
            -14.37176364958752,
            11.543767270934769
        ],
        [
            45.11004406795575,
            -4.46363598305732,
            2.2790367677854375,
            22.156942490506918,
            9.680610207617283,
            13.8090249817539,
            -8.67448003928992,
            -20.704363944628277,
            18.940461446880363,
            32.68475935498718,
            -8.72680677043274,
            12.809421315393411
        ],
        [
            46.54255584170314,
            -22.98451736156363,
            2.099142683749087,
            16.99250476925634,
            9.454075844809413,
            14.997295457655564,
            -9.076347080356209,
            -20.75202932084445,
            19.96673960208893,
            37.149092305349185,
            -6.9313090111175555,
            12.648562226938084
        ],
        [
            50.21435577302065,
            69.40064941762247,
            2.4419031371339224,
            28.989632221460344,
            18.09902925118338,
            16.860457743369043,
            -3.4572161608340686,
            -18.484744411450812,
            19.32939522854518,
            -15.114806046159938,
            128.64005718305242,
            9.021139230972622
        ],
        [
            24.483510741268983,
            -74.65532158743358,
            -10.265383851425723,
            3.1759341432712973,
            10.185974786160514,
            -61.56981485646218,
            -26.17702962195035,
            -10.912034870381467,
            6.241294292923994,
            1.2033979223482312,
            -15.1303872105747,
