{
    "y_predict": [
        212.17747497558594,
        1015.6884765625,
        366.9263000488281,
        831.0604248046875,
        285.43817138671875,
        336.71490478515625,
        168.8768310546875,
        59.086639404296875,
        135.63023376464844,
        84.3150405883789,
        49.06789779663086,
        238.5345001220703,
        202.053955078125,
        43.04100036621094,
        103.40864562988281,
        150.39154052734375,
        55.09545135498047,
        24.31414031982422,
        295.92059326171875
    ],
    "y_true": [
        198.0,
        1074.5,
        399.7,
        548.0,
        193.6,
        352.5,
        220.0,
        6.0,
        94.6,
        87.23,
        67.6,
        215.28,
        188.8,
        62.2,
        97.9,
        115.0,
        60.3,
        22.1,
        276.0
    ],
    "R2_score": 0.9065068825532976,
    "MAE_score": 41.42317982723838,
    "RMSE_score": 73.91422930256029,
    "features": [
        "Delta_V",
        "E_Bare_Anion_Radius",
        "j",
        "kappa_cc",
        "r_cat",
        "rho_m",
        "B_flag",
        "CC",
        "Group_ID",
        "Morph",
        "Synth"
    ],
    "shap_values": [
        [
            45.61399040754885,
            -9.002839211449537,
            -8.328483990533277,
            -6.335012966012582,
            -28.783199635474013,
            21.293577314019203,
            -36.076877638436855,
            0.06556824496015906,
            -46.82369899697776,
            -28.147714658610056,
            19.592867196882143
        ],
        [
            42.93608925952576,
            26.78962238474749,
            656.6438603950711,
            -2.9123369828797876,
            -6.072582232626155,
            23.593150619212537,
            -32.271289053102954,
            0.07398883925750852,
            43.889979107173275,
            0.07647227465640753,
            -26.16758831090294
        ],
        [
            19.255477395569905,
            30.264500552332027,
            63.72208551766816,
            -3.9054903608001768,
            -6.437336788242683,
            21.55895390400663,
            -41.32973662688397,
            -0.22696205032989383,
            27.24016227131535,
            -1.0794621363887564,
            -31.245217791525647
        ],
        [
            24.24252750365995,
            22.21954945030622,
            644.4558016558225,
            -3.344249405283481,
            -16.103517822856084,
            21.200720849428325,
            -32.057330806395036,
            0.00845690244808793,
            -81.29289817243058,
            -1.3669071318162604,
            -36.0112678191904
        ],
        [
            31.786008353815415,
            -20.674879799541085,
            -189.43466321599203,
            -7.8430580806732175,
            -27.78837918740697,
            17.486555743589996,
            216.143440995533,
            -0.5474962332472205,
            -35.58245858158625,
            -5.7222475526761265,
            18.505624408340083
        ],
        [
            8.09016825445462,
            -0.4494457442732528,
            -12.144011661121622,
            -3.5764201073627917,
            56.30644201247953,
            25.750904367771,
            -43.02854529319331,
            3.259253518469632,
            -3.558634721856215,
            4.0564968762779605,
            12.899266381938942
        ],
        [
            -69.82594913400709,
            -15.557253737072461,
            -29.154205513633787,
            -5.595640987362713,
            -18.1106638748385,
            22.309714595228435,
            -38.68955053813755,
            -1.8939184654131531,
            44.15883684920147,
            -21.515321538667195,
            13.641415407387539
        ],
        [
            -54.59462528871372,
            24.524193153204397,
            -75.56763532537501,
            -4.805413679024205,
            -9.574997806819155,
            18.317991035059094,
            -36.55528734055348,
            -0.7806063192710281,
            -16.856053160519224,
            -2.4525196861149743,
            -71.67788932492026
        ],
        [
            23.100280792601406,
            -30.60097998882178,
            49.900101689281875,
            -55.07272789281793,
            -9.9644719827082,
            22.862281772959978,
            -44.63074929534458,
            -43.39004326363094,
            16.235576425057953,
            -13.246243427013978,
            -68.67223620937672
        ],
        [
            23.83801018524915,
            -21.44154078067746,
            -10.963738219882362,
            -47.321380353430285,
            -11.26549064987339,
            18.361589035782963,
            -41.10027285589837,
            -44.569267075201495,
            6.899589989933301,
            -11.49724211987108,
            -65.73474590025377
        ],
        [
            31.176764404904098,
            -3.4920514559652656,
            -84.5214456218388,
            -8.126291464306414,
            49.47115216455888,
            23.00559628313407,
            -40.28726406393151,
            -47.650362686766314,
            -27.56795558482874,
            -71.31115780888125,
            -60.738594443136826
        ],
        [
            -47.923538767136634,
            41.25305273734964,
            49.153773911814206,
            -4.3672654717601835,
            -3.787497637765482,
            -80.9418958307989,
            -41.37118547938764,
            -1.109955936744809,
            -43.913196720150296,
            71.378178950469,
            11.054400183805264
        ],
        [
            -34.51224698841572,
            28.993444999856873,
            -6.670048459083773,
            -5.019941881801933,
            -5.188743010647595,
            -69.73948392512277,
            -35.27988786313683,
            -0.8020020103640855,
            -56.429241415769795,
            85.13535796140786,
            12.457192909871228
        ],
        [
            24.55168749230914,
            -26.12013777677952,
            -59.82686409669928,
            -7.354664111463353,
            -13.715501345442608,
            -62.91201107361354,
            -37.211964108413085,
            -43.348644152358176,
            -22.20216189006984,
            -16.55249034166103,
            18.624193488806487
        ],
        [
            -83.05052738422063,
            -14.53895014114729,
            -17.988043716344983,
            -5.449350300170481,
            -16.47491345239803,
            21.357383192181587,
            -37.48510664295405,
            -2.1080598539020867,
            -15.235102502929513,
            -28.562919143983162,
            13.834731406262144
        ],
        [
            31.80561209936626,
            -28.169353510439397,
            -37.692902172589676,
            -75.78168758104556,
            46.31655650653877,
            24.884336631726473,
            -40.172703771060334,
            -58.427332788594065,
            -2.3172202827577713,
            -16.42446750900708,
            17.26118206513114
        ],
        [
            -74.49569704025052,
            -1.1294345375336707,
            -34.26746544288471,
            -4.708489688076079,
            37.93457521582954,
            -65.6925120778475,
            -42.85646840850823,
            -0.3541459576692432,
            -57.26288143969432,
            -3.9349870934942737,
            12.753475656900555
        ],
        [
            -80.94697698859498,
            -22.023339888229966,
            -11.604842068068683,
            -4.9826062693633135,
            -17.797584558380766,
            -68.68366056029684,
            -41.510330537594854,
            -0.710600028699264,
            -21.982041313850786,
            -6.836608529933728,
            12.283227157774382
        ],
        [
            -10.274516665139236,
            -12.867373280744069,
