{
    "y_predict": [
        293.1769277108434,
        293.1769277108434,
        293.1769277108434,
        293.1769277108434,
        293.1769277108434,
        293.1769277108434,
        293.1769277108434,
        293.1769277108434,
        293.1769277108434,
        293.1769277108434,
        293.1769277108434,
        293.1769277108434,
        293.1769277108434,
        293.1769277108434,
        293.1769277108434,
        293.1769277108434,
        293.1769277108434,
        293.1769277108434,
        293.1769277108434
    ],
    "y_true": [
        198.0,
        1074.5,
        399.7,
        548.0,
        193.6,
        352.5,
        220.0,
        6.0,
        94.6,
        87.23,
        67.6,
        215.28,
        188.8,
        62.2,
        97.9,
        115.0,
        60.3,
        22.1,
        276.0
    ],
    "R2_score": -0.0790139097112803,
    "MAE_score": 194.4755897273304,
    "RMSE_score": 251.10291475312988,
    "features": [
        "B_flag",
        "CC",
        "Delta_V",
        "E_Bare_Anion_Radius",
        "Group_ID",
        "Morph",
        "Synth",
        "j",
        "kappa_cc",
        "r_cat",
        "rho_m"
    ]
}