{
    "y_predict": [
        246.02458064516128,
        246.02458064516128,
        246.02458064516128,
        246.02458064516128,
        246.02458064516128,
        246.02458064516128,
        246.02458064516128,
        246.02458064516128,
        246.02458064516128,
        246.02458064516128,
        246.02458064516128,
        246.02458064516128,
        246.02458064516128,
        246.02458064516128,
        246.02458064516128,
        246.02458064516128,
        246.02458064516128,
        246.02458064516128
    ],
    "y_true": [
        455.0,
        198.0,
        325.0,
        25.0,
        240.6,
        149.0,
        94.6,
        118.4,
        131.0,
        260.4,
        310.4,
        377.13,
        287.4,
        354.8,
        333.94,
        565.3,
        82.5,
        140.0
    ],
    "R2_score": -6.446536312720852e-05,
    "MAE_score": 116.12611111111111,
    "RMSE_score": 138.58175786719895,
    "features": [
        "B_flag",
        "B_type",
        "Delta_V",
        "Group_ID",
        "Morph",
        "Synth",
        "j",
        "kappa_cc",
        "r_an",
        "rho_m",
        "sigma_cc",
        "sigma_ion"
    ]
}