{
    "y_predict": [
        173.1683034978352,
        367.818633582305,
        367.69707076910447,
        367.55604636449084,
        524.7060993640105,
        412.676186600613,
        265.93870763924843,
        305.82090210925173,
        66.37705910104512,
        49.01094292954883,
        365.11823898270904,
        250.80591000160612,
        233.43979383010983,
        217.000355237211,
        182.09926411969985,
        330.58485330304563,
        134.9476931640595,
        143.78864181737197,
        430.37053679437696
    ],
    "y_true": [
        198.0,
        1074.5,
        399.7,
        548.0,
        193.6,
        352.5,
        220.0,
        6.0,
        94.6,
        87.23,
        67.6,
        215.28,
        188.8,
        62.2,
        97.9,
        115.0,
        60.3,
        22.1,
        276.0
    ],
    "R2_score": 0.14019038506212222,
    "MAE_score": 154.23258561678867,
    "RMSE_score": 224.15032918149825,
    "features": [
        "B_flag",
        "CC",
        "Delta_V",
        "E_Bare_Anion_Radius",
        "Group_ID",
        "Morph",
        "Synth",
        "j",
        "kappa_cc",
        "r_cat",
        "rho_m"
    ]
}