{
    "y_predict": [
        360.2320768395805,
        225.92281343924068,
        336.60189865653234,
        300.2067099118415,
        159.75872968108473,
        135.42499666570478,
        65.90807407707103,
        243.28909918290458,
        382.94022415519504,
        162.64131982154043,
        200.73393462003557,
        283.9895573820266,
        137.98715928974713,
        430.85078448084846,
        414.62829580392855,
        481.0057834411426,
        196.56734216394293,
        333.2717019242216
    ],
    "y_true": [
        455.0,
        198.0,
        325.0,
        25.0,
        240.6,
        149.0,
        94.6,
        118.4,
        131.0,
        260.4,
        310.4,
        377.13,
        287.4,
        354.8,
        333.94,
        565.3,
        82.5,
        140.0
    ],
    "R2_score": 0.1477441538937021,
    "MAE_score": 105.98817988337345,
    "RMSE_score": 127.93137344024393,
    "features": [
        "B_flag",
        "B_type",
        "Delta_V",
        "Group_ID",
        "Morph",
        "Synth",
        "j",
        "kappa_cc",
        "r_an",
        "rho_m",
        "sigma_cc",
        "sigma_ion"
    ]
}