{
    "y_predict": [
        229.80603333333346,
        793.1431166666667,
        268.7905999999998,
        793.1431166666667,
        392.21400000000017,
        348.5946666666666,
        147.12325,
        84.87049999999999,
        188.6735333333333,
        122.07088333333343,
        107.18660000000006,
        318.6646666666666,
        308.7022600000004,
        82.77276666666661,
        107.81675000000003,
        146.3598000000001,
        62.464999999999925,
        43.646433333333306,
        357.7012523809522
    ],
    "y_true": [
        198.0,
        1074.5,
        399.7,
        548.0,
        193.6,
        352.5,
        220.0,
        6.0,
        94.6,
        87.23,
        67.6,
        215.28,
        188.8,
        62.2,
        97.9,
        115.0,
        60.3,
        22.1,
        276.0
    ],
    "R2_score": 0.771457357797171,
    "MAE_score": 84.34378749373437,
    "RMSE_score": 115.56381072758705,
    "features": [
        "rho_m",
        "r0_an",
        "r_cat",
        "kappa_cc",
        "Delta_V",
        "j",
        "B_flag",
        "CC",
        "Morph",
        "Synth"
    ]
}