{
    "y_predict": [
        359.8229658451123,
        220.8416312216784,
        328.86899380304635,
        293.99462159552667,
        160.54892632354483,
        135.44661381092112,
        61.016614285039395,
        244.26987884817356,
        374.1179944990392,
        160.90497756683692,
        198.05565039710297,
        290.8213566297445,
        140.20748155400213,
        429.7673145203038,
        413.032439511888,
        483.6528623589858,
        203.74076915869608,
        321.50714817617745
    ],
    "y_true": [
        455.0,
        198.0,
        325.0,
        25.0,
        240.6,
        149.0,
        94.6,
        118.4,
        131.0,
        260.4,
        310.4,
        377.13,
        287.4,
        354.8,
        333.94,
        565.3,
        82.5,
        140.0
    ],
    "R2_score": 0.1828983332383921,
    "MAE_score": 103.93629680906885,
    "RMSE_score": 125.2651076886251,
    "features": [
        "rho_m",
        "sigma_ion",
        "r_an",
        "sigma_cc",
        "kappa_cc",
        "Delta_V",
        "j",
        "B_flag",
        "B_type",
        "Morph",
        "Synth"
    ],
    "shap_values": [
        [
            35.60177644691907,
            1.9384379792177924,
            12.2398621214336,
            -0.7852770741086302,
            4.9678835454148285,
            13.314645356891011,
            33.89013007704303,
            -26.611846662423897,
            -6.5684540136235015,
            28.234511351002208,
            23.28043936898338
        ],
        [
            35.60177644691907,
            -0.0057111349585817935,
            -53.51763889725736,
            -0.7852770741086302,
            4.9678835454148285,
            13.314645356891011,
            0.42038006021140656,
            -26.611846662423897,
            29.922957173173742,
            -46.06683430952994,
            23.28043936898338
        ],
        [
            35.60177644691907,
            1.9384379792177924,
            12.2398621214336,
            -0.7852770741086302,
            4.9678835454148285,
            49.30017334848834,
            -33.04936995662021,
            -26.611846662423897,
            -6.5684540136235015,
            28.234511351002208,
            23.28043936898338
        ],
        [
            35.60177644691907,
            -0.18085260702174202,
            64.54696520448326,
            -0.7852770741086302,
            4.9678835454148285,
            -22.670882634706324,
            0.42038006021140656,
            -26.611846662423897,
            -6.5684540136235015,
            28.234511351002208,
            -23.28043936898338
        ],
        [
            35.60177644691907,
            -0.6464085739902331,
            -53.51763889725736,
            -0.7852770741086302,
            4.9678835454148285,
            13.314645356891011,
            33.89013007704303,
            -26.611846662423897,
            29.922957173173742,
            -46.06683430952994,
            -69.84131810695014
        ],
        [
            35.60177644691907,
            -0.6464085739902331,
            -53.51763889725736,
            -0.7852770741086302,
            4.9678835454148285,
            13.314645356891011,
            8.787817564419312,
            -26.611846662423897,
            29.922957173173742,
            -46.06683430952994,
            -69.84131810695014
        ],
        [
            35.60177644691907,
            -7.898105776341516,
            -53.51763889725736,
            3.711641010772481,
            -45.90803228112259,
            13.314645356891011,
            33.89013007704303,
            -26.611846662423897,
            -6.5684540136235015,
            -8.916161479263867,
            -116.4021968449169
        ],
        [
            35.60177644691907,
            1.417083567251667,
            16.72332809998075,
            3.711641010772481,
            -45.90803228112259,
            -22.670882634706324,
            33.89013007704303,
            -26.611846662423897,
            -6.5684540136235015,
            -8.916161479263867,
            23.28043936898338
        ],
        [
            35.60177644691907,
            -0.18085260702174202,
            64.54696520448326,
            -0.7852770741086302,
            4.9678835454148285,
            31.3074093526897,
            17.155255068627216,
            -26.611846662423897,
            -6.5684540136235015,
            -8.916161479263867,
            23.28043936898338
        ],
        [
            -106.80532934075725,
            -0.18085260702174202,
            64.54696520448326,
            -0.7852770741086302,
            4.9678835454148285,
            -76.64917462210234,
            17.155255068627216,
            -26.611846662423897,
            -6.5684540136235015,
            28.234511351002208,
            23.28043936898338
        ],
        [
            -106.80532934075725,
            -0.18085260702174202,
            64.54696520448326,
            -0.7852770741086302,
            4.9678835454148285,
            -76.64917462210234,
            17.155255068627216,
            -26.611846662423897,
            -6.5684540136235015,
            65.38518418126829,
            23.28043936898338
        ],
        [
            35.60177644691907,
            -0.6464085739902331,
            -53.51763889725736,
            -0.7852770741086302,
            4.9678835454148285,
            13.314645356891011,
            33.89013007704303,
            -26.611846662423897,
            29.922957173173742,
            -8.916161479263867,
            23.28043936898338
        ],
        [
            35.60177644691907,
            -0.6464085739902331,
            -53.51763889725736,
            -0.7852770741086302,
            4.9678835454148285,
            13.314645356891011,
            -116.72374499869927,
            -26.611846662423897,
            29.922957173173742,
            -8.916161479263867,
            23.28043936898338
        ],
        [
            35.60177644691907,
            -0.18085260702174202,
            64.54696520448326,
            -0.7852770741086302,
            4.9678835454148285,
            13.314645356891011,
            17.155255068627216,
            -26.611846662423897,
            29.922957173173742,
            28.234511351002208,
            23.28043936898338
        ],
        [
            35.60177644691907,
            -0.18085260702174202,
            64.54696520448326,
            -0.7852770741086302,
            4.9678835454148285,
            13.314645356891011,
            0.42038006021140656,
            -26.611846662423897,
            29.922957173173742,
            28.234511351002208,
            23.28043936898338
        ],
        [
            35.60177644691907,
            -0.18085260702174202,
            64.54696520448326,
            -0.7852770741086302,
            4.9678835454148285,
            13.314645356891011,
            33.89013007704303,
            -26.611846662423897,
            29.922957173173742,
            65.38518418126829,
            23.28043936898338
        ],
        [
            35.60177644691907,
            1.8742369448558087,
            16.72332809998075,
            3.711641010772481,
            -45.90803228112259,
            13.314645356891011,
            -116.72374499869927,
            -26.611846662423897,
            29.922957173173742,
            28.234511351002208,
            23.28043936898338
        ],
        [
            35.60177644691907,
            1.9384379792177924,
            12.2398621214336,
            -0.7852770741086302,
            4.9678835454148285,
            49.30017334848834,
            33.89013007704303,
            -26.611846662423897,
            -6.5684540136235015,
            -46.06683430952994,
            23.28043936898338
        ]
    ],