{
    "y_predict": [
        167.09220579823779,
        376.74146790246607,
        376.61348268742734,
        376.74146790246607,
        563.2303336400132,
        416.5392712010513,
        269.9437818399831,
        303.11673267536924,
        80.75283604542233,
        62.46923389703613,
        351.3253778640984,
        251.92363670512754,
        233.64003455674128,
        195.50361028500276,
        176.50659559242945,
        332.5118340479006,
        137.68275436271497,
        142.9157111984073,
        434.8228733494376
    ],
    "y_true": [
        198.0,
        1074.5,
        399.7,
        548.0,
        193.6,
        352.5,
        220.0,
        6.0,
        94.6,
        87.23,
        67.6,
        215.28,
        188.8,
        62.2,
        97.9,
        115.0,
        60.3,
        22.1,
        276.0
    ],
    "R2_score": 0.14353294716953313,
    "MAE_score": 152.3158870044853,
    "RMSE_score": 223.71420589442454,
    "features": [
        "rho_m",
        "r0_an",
        "r_cat",
        "kappa_cc",
        "Delta_V",
        "j",
        "B_flag",
        "CC",
        "Morph",
        "Synth"
    ],
    "shap_values": [
        [
            57.91246835883632,
            -24.5803457481065,
            14.117040032814923,
            13.117416951349265,
            3.725069188761703,
            0.6112208198205488,
            -54.954099146903836,
            -32.544380638710265,
            -121.46834212181973,
            11.419380485224721
        ],
        [
            57.91246835883632,
            24.459896031454953,
            -13.147629558458528,
            13.117416951349265,
            -22.8825678738219,
            55.407176458534046,
            -54.954099146903836,
            -32.544380638710265,
            65.40603037328758,
            -15.76962067007224
        ],
        [
            57.91246835883632,
            24.459896031454953,
            -13.147629558458528,
            13.117416951349265,
            -22.8825678738219,
            55.27919124349535,
            -54.954099146903836,
            -32.544380638710265,
            65.40603037328758,
            -15.76962067007224
        ],
        [
            57.91246835883632,
            24.459896031454953,
            -13.147629558458528,
            13.117416951349265,
            -22.8825678738219,
            55.407176458534046,
            -54.954099146903836,
            -32.544380638710265,
            65.40603037328758,
            -15.76962067007224
        ],
        [
            57.91246835883632,
            -24.5803457481065,
            -13.147629558458528,
            13.117416951349265,
            3.725069188761703,
            -127.37399421888297,
            402.9967270772948,
            -32.544380638710265,
            -28.03115587426608,
            11.419380485224721
        ],
        [
            57.91246835883632,
            -13.395729201890738,
            38.352301891724636,
            13.117416951349265,
            12.594281542956235,
            18.894822968206768,
            -54.954099146903836,
            -32.544380638710265,
            65.40603037328758,
            11.419380485224721
        ],
        [
            57.91246835883632,
            -24.5803457481065,
            14.117040032814923,
            13.117416951349265,
            -5.144143165432829,
            18.894822968206768,
            -54.954099146903836,
            -32.544380638710265,
            -28.03115587426608,
            11.419380485224721
        ],
        [
            57.91246835883632,
            24.459896031454953,
            -13.147629558458528,
            13.117416951349265,
            -5.144143165432829,
            -35.955983476951886,
            -54.954099146903836,
            -32.544380638710265,
            65.40603037328758,
            -15.76962067007224
        ],
        [
            57.91246835883632,
            -24.5803457481065,
            -64.64756100864173,
            -159.12466969098136,
            3.725069188761703,
            37.17842511659299,
            -54.954099146903836,
            83.68555021382637,
            -28.03115587426608,
            -70.14762298066616
        ],
        [
            57.91246835883632,
            -24.5803457481065,
            -64.64756100864173,
            -159.12466969098136,
            3.725069188761703,
            18.894822968206768,
            -54.954099146903836,
            83.68555021382637,
            -28.03115587426608,
            -70.14762298066616
        ],
        [
            57.91246835883632,
            -13.395729201890738,
            38.352301891724636,
            77.28603746515871,
            3.725069188761703,
            0.6112208198205488,
            -54.954099146903836,
            199.91548106636301,
            -214.9055283693734,
            -42.9586218253692
        ],
        [
            -173.737405076509,
            24.459896031454953,
            -13.147629558458528,
            13.117416951349265,
            -18.44796169672463,
            37.17842511659299,
            -54.954099146903836,
            -32.544380638710265,
            158.84321662084122,
            11.419380485224721
        ],
        [
            -173.737405076509,
            24.459896031454953,
            -13.147629558458528,
            13.117416951349265,
            -18.44796169672463,
            18.894822968206768,
            -54.954099146903836,
            -32.544380638710265,
            158.84321662084122,
            11.419380485224721
        ],
        [
            -173.737405076509,
            -24.5803457481065,
            14.117040032814923,
            77.28603746515871,
            3.725069188761703,
            -35.955983476951886,
            -54.954099146903836,
            199.91548106636301,
            -121.46834212181973,
            11.419380485224721
        ],
        [
            57.91246835883632,
            -24.5803457481065,
            14.117040032814923,
            13.117416951349265,
            -5.144143165432829,
            18.894822968206768,
            -54.954099146903836,
            -32.544380638710265,
            -121.46834212181973,
            11.419380485224721
        ],
        [
            57.91246835883632,
            22.309008234105765,
            38.352301891724636,
            -159.12466969098136,
            3.725069188761703,
            -35.955983476951886,
            -54.954099146903836,
            83.68555021382637,
            65.40603037328758,
            11.419380485224721
        ],
        [
            -173.737405076509,
            -24.5803457481065,
            38.352301891724636,
            13.117416951349265,
            -5.144143165432829,
            0.6112208198205488,
            -54.954099146903836,
            -32.544380638710265,
            65.40603037328758,
            11.419380485224721
        ],
        [
            -173.737405076509,
            -13.395729201890738,
            14.117040032814923,
            13.117416951349265,
            -5.144143165432829,
            18.894822968206768,
            -54.954099146903836,
            -32.544380638710265,
            65.40603037328758,
            11.419380485224721
        ],
        [
            57.91246835883632,
            -13.395729201890738,
            38.352301891724636,
            13.117416951349265,
            12.594281542956235,
            37.17842511659299,
            -54.954099146903836,
            -32.544380638710265,
            65.40603037328758,
            11.419380485224721
        ]
    ],