{
    "y_predict": [
        166.37587909372448,
        374.7593898644044,
        374.63262812956634,
        374.6139223233904,
        556.502060620226,
        414.7320152800548,
        268.4031592625961,
        302.9399205959583,
        78.1224398588173,
        60.01362059623568,
        353.783711219433,
        252.1588818181153,
        234.05006255553369,
        199.12094739798778,
        177.34065289949328,
        331.9161305084816,
        138.048765465017,
        143.61580426152474,
        433.022668968904
    ],
    "y_true": [
        198.0,
        1074.5,
        399.7,
        548.0,
        193.6,
        352.5,
        220.0,
        6.0,
        94.6,
        87.23,
        67.6,
        215.28,
        188.8,
        62.2,
        97.9,
        115.0,
        60.3,
        22.1,
        276.0
    ],
    "R2_score": 0.14317179363940724,
    "MAE_score": 152.7298368940625,
    "RMSE_score": 223.76136863076937,
    "features": [
        "Delta_V",
        "E_Bare_Anion_Radius",
        "j",
        "kappa_cc",
        "r_cat",
        "rho_m",
        "B_flag",
        "CC",
        "Group_ID",
        "Morph",
        "Synth"
    ],
    "shap_values": [
        [
            3.924581646153159,
            -25.49284265473682,
            0.6053778279480995,
            13.319408998708855,
            13.744728591546773,
            57.712497133613255,
            -54.08595958584894,
            -32.83401423613762,
            -1.4475838675161545,
            -120.46144410853464,
            11.624834988847622
        ],
        [
            -24.108144397797982,
            25.367921479669867,
            54.877509157905074,
            13.319408998708855,
            -12.800884568092911,
            57.712497133613255,
            -54.08595958584894,
            -32.83401423613762,
            -1.2657494412485808,
            64.86385451998021,
            -16.053343556027674
        ],
        [
            -24.108144397797982,
            25.367921479669867,
            54.75074742306701,
            13.319408998708855,
            -12.800884568092911,
            57.712497133613255,
            -54.08595958584894,
            -32.83401423613762,
            -1.2657494412485808,
            64.86385451998021,
            -16.053343556027674
        ],
        [
            -24.108144397797982,
            25.367921479669867,
            54.877509157905074,
            13.319408998708855,
            -12.800884568092911,
            57.712497133613255,
            -54.08595958584894,
            -32.83401423613762,
            -1.4112169822626397,
            64.86385451998021,
            -16.053343556027674
        ],
        [
            3.924581646153159,
            -25.49284265473682,
            -126.1563570101229,
            13.319408998708855,
            -12.800884568092911,
            57.712497133613255,
            396.6303702962256,
            -32.83401423613762,
            -1.3930335396358824,
            -27.79879479427721,
            11.624834988847622
        ],
        [
            13.268823660803537,
            -13.89301925566162,
            18.714197090529673,
            13.319408998708855,
            37.340829177893134,
            57.712497133613255,
            -54.08595958584894,
            -32.83401423613762,
            -1.0657315723542495,
            64.86385451998021,
            11.624834988847622
        ],
        [
            -5.41966036849722,
            -25.49284265473682,
            18.714197090529673,
            13.319408998708855,
            13.744728591546773,
            57.712497133613255,
            -54.08595958584894,
            -32.83401423613762,
            -0.8475302608331612,
            -27.79879479427721,
            11.624834988847622
        ],
        [
            -5.41966036849722,
            25.367921479669867,
            -35.61226069721504,
            13.319408998708855,
            -12.800884568092911,
            57.712497133613255,
            -54.08595958584894,
            -32.83401423613762,
            -1.283932883875338,
            64.86385451998021,
            -16.053343556027674
        ],
        [
            3.924581646153159,
            -25.49284265473682,
            36.82301635311125,
            -161.57499340452267,
            -62.94259831407901,
            57.712497133613255,
            -54.08595958584894,
            84.43032232149672,
            -1.229382555995066,
            -27.79879479427721,
            -71.40970064577826
        ],
        [
            3.924581646153159,
            -25.49284265473682,
            18.714197090529673,
            -161.57499340452267,
            -62.94259831407901,
            57.712497133613255,
            -54.08595958584894,
            84.43032232149672,
            -1.229382555995066,
            -27.79879479427721,
            -71.40970064577826
        ],
        [
            3.924581646153159,
            -13.89301925566162,
            0.6053778279480995,
            78.47614714893236,
            37.340829177893134,
            57.712497133613255,
            -54.08595958584894,
            201.69465887913105,
            -0.9020805887134332,
            -213.12409342279204,
            -43.731522100902964
        ],
        [
            -19.436023390472794,
            25.367921479669867,
            36.82301635311125,
            13.319408998708855,
            -12.800884568092911,
            -173.1374914008398,
            -54.08595958584894,
            -32.83401423613762,
            0.025274985251192757,
            157.52650383423764,
            11.624834988847622
        ],
        [
            -19.436023390472794,
            25.367921479669867,
            18.714197090529673,
            13.319408998708855,
            -12.800884568092911,
            -173.1374914008398,
            -54.08595958584894,
            -32.83401423613762,
            0.025274985251192757,
            157.52650383423764,
            11.624834988847622
        ],
        [
            3.924581646153159,
            -25.49284265473682,
            -35.61226069721504,
            78.47614714893236,
            13.744728591546773,
            -173.1374914008398,
            -54.08595958584894,
            201.69465887913105,
            -1.3202997691288527,
            -120.46144410853464,
            11.624834988847622
        ],
        [
            -5.41966036849722,
            -25.49284265473682,
            18.714197090529673,
            13.319408998708855,
            13.744728591546773,
            57.712497133613255,
            -54.08595958584894,
            -32.83401423613762,
            0.7526126903214877,
            -120.46144410853464,
            11.624834988847622
        ],
        [
            3.924581646153159,
            23.13718621061694,
            -35.61226069721504,
            -161.57499340452267,
            37.340829177893134,
            57.712497133613255,
            -54.08595958584894,
            84.43032232149672,
            0.38894383778634023,
            64.86385451998021,
            11.624834988847622
        ],
        [
            -5.41966036849722,
            -25.49284265473682,
            0.6053778279480995,
            13.319408998708855,
            37.340829177893134,
            -173.1374914008398,
            -54.08595958584894,
            -32.83401423613762,
            1.49813383801854,
            64.86385451998021,
            11.624834988847622
        ],
        [
            -5.41966036849722,
            -13.89301925566162,
            18.714197090529673,
            13.319408998708855,
            13.744728591546773,
            -173.1374914008398,
            -54.08595958584894,
            -32.83401423613762,
            0.9526305592158187,
            64.86385451998021,
            11.624834988847622
        ],
        [
            13.268823660803537,
            -13.89301925566162,
