{
    "y_predict": [
        359.31493438295456,
        225.95896736532316,
        331.93878456907225,
        296.7230387221293,
        163.00925937317874,
        137.81185341806275,
        60.4940579396129,
        246.10551468916685,
        372.7699092651026,
        160.1916306694868,
        201.40800102415113,
        286.46511101897704,
        135.2806752882811,
        432.64308340524553,
        415.84481276850147,
        486.20431043754917,
        203.94098123247824,
        325.225784840615
    ],
    "y_true": [
        455.0,
        198.0,
        325.0,
        25.0,
        240.6,
        149.0,
        94.6,
        118.4,
        131.0,
        260.4,
        310.4,
        377.13,
        287.4,
        354.8,
        333.94,
        565.3,
        82.5,
        140.0
    ],
    "R2_score": 0.1689927054741751,
    "MAE_score": 105.12005796141001,
    "RMSE_score": 126.32650644410667,
    "features": [
        "Delta_V",
        "j",
        "kappa_cc",
        "r_an",
        "rho_m",
        "sigma_cc",
        "sigma_ion",
        "B_flag",
        "B_type",
        "Group_ID",
        "Morph",
        "Synth"
    ],
    "shap_values": [
        [
            13.265354001056656,
            34.018513831883,
            4.442708453076303,
            12.116087218135768,
            35.13379558817028,
            0.06038997695940541,
            3.849618443796261,
            -27.092563281069975,
            -6.7902239329023475,
            -0.6082711749020946,
            27.98112240463658,
            22.664379968092078
        ],
        [
            13.265354001056656,
            0.4219725583950105,
            4.442708453076303,
            -52.976444845108965,
            35.13379558817028,
            0.06038997695940541,
            -0.011341962295042238,
            -27.092563281069975,
            30.933242360999596,
            4.496861900169055,
            -45.65341023914391,
            22.664379968092078
        ],
        [
            49.1176621120206,
            -33.174568715092974,
            4.442708453076303,
            12.116087218135768,
            35.13379558817028,
            0.06038997695940541,
            3.849618443796261,
            -27.092563281069975,
            -6.7902239329023475,
            3.3563534472276277,
            27.98112240463658,
            22.664379968092078
        ],
        [
            -22.586954109907285,
            0.4219725583950105,
            4.442708453076303,
            63.89423772298956,
            35.13379558817028,
            0.06038997695940541,
            -0.35916213934297486,
            -27.092563281069975,
            -6.7902239329023475,
            4.008072563194157,
            27.98112240463658,
            -22.664379968092078
        ],
        [
            13.265354001056656,
            34.018513831883,
            4.442708453076303,
            -52.976444845108965,
            35.13379558817028,
            0.06038997695940541,
            -1.283727617462893,
            -27.092563281069975,
            30.933242360999596,
            -0.11948183792719727,
            -45.65341023914391,
            -67.99313990427623
        ],
        [
            13.265354001056656,
            8.821107876767007,
            4.442708453076303,
            -52.976444845108965,
            35.13379558817028,
            0.06038997695940541,
            -1.283727617462893,
            -27.092563281069975,
            30.933242360999596,
            -0.11948183792719727,
            -45.65341023914391,
            -67.99313990427623
        ],
        [
            13.265354001056656,
            34.018513831883,
            -41.05490823505453,
            -52.976444845108965,
            35.13379558817028,
            -0.28543545012639376,
            -15.685151649745912,
            -27.092563281069975,
            -6.7902239329023475,
            3.845142784202525,
            -8.836143917253667,
            -113.32189984046039
        ],
        [
            -22.586954109907285,
            34.018513831883,
            -41.05490823505453,
            16.55421440426613,
            35.13379558817028,
            -0.28543545012639376,
            2.8142406903799615,
            -27.092563281069975,
            -6.7902239329023475,
            1.2925762466669504,
            -8.836143917253667,
            22.664379968092078
        ],
        [
            31.191508056538645,
            17.220243195139005,
            4.442708453076303,
            63.89423772298956,
            35.13379558817028,
            0.06038997695940541,
            -0.35916213934297486,
            -27.092563281069975,
            -6.7902239329023475,
            0.9667166886836855,
            -8.836143917253667,
            22.664379968092078
        ],
        [
            -76.36541627635322,
            17.220243195139005,
            4.442708453076303,
            63.89423772298956,
            -105.40138676451087,
            0.06038997695940541,
            -0.35916213934297486,
            -27.092563281069975,
            -6.7902239329023475,
            -0.3367215432493738,
            27.98112240463658,
            22.664379968092078
        ],
        [
            -76.36541627635322,
            17.220243195139005,
            4.442708453076303,
            63.89423772298956,
            -105.40138676451087,
            0.06038997695940541,
            -0.35916213934297486,
            -27.092563281069975,
            -6.7902239329023475,
            4.062382489524702,
            64.79838872652682,
            22.664379968092078
        ],
        [
            13.265354001056656,
            34.018513831883,
            4.442708453076303,
            -52.976444845108965,
            35.13379558817028,
            0.06038997695940541,
            -1.283727617462893,
            -27.092563281069975,
            30.933242360999596,
            -4.138416386387464,
            -8.836143917253667,
            22.664379968092078
        ],
        [
            13.265354001056656,
            -117.16592189881295,
            4.442708453076303,
            -52.976444845108965,
            35.13379558817028,
            0.06038997695940541,
            -1.283727617462893,
            -27.092563281069975,
            30.933242360999596,
            -4.138416386387464,
            -8.836143917253667,
            22.664379968092078
        ],
        [
            13.265354001056656,
            17.220243195139005,
            4.442708453076303,
            63.89423772298956,
            35.13379558817028,
            0.06038997695940541,
            -0.35916213934297486,
            -27.092563281069975,
            30.933242360999596,
            4.225312268516334,
            27.98112240463658,
            22.664379968092078
        ],
        [
            13.265354001056656,
            0.4219725583950105,
            4.442708453076303,
            63.89423772298956,
            35.13379558817028,
            0.06038997695940541,
            -0.35916213934297486,
            -27.092563281069975,
            30.933242360999596,
            4.225312268516334,
            27.98112240463658,
            22.664379968092078
        ],
        [
            13.265354001056656,
            34.018513831883,
            4.442708453076303,
            63.89423772298956,
            35.13379558817028,
            0.06038997695940541,
            -0.35916213934297486,
            -27.092563281069975,
            30.933242360999596,
            4.17100234218579,
            64.79838872652682,
            22.664379968092078
        ],
        [
            13.265354001056656,
            -117.16592189881295,
            -41.05490823505453,
            16.55421440426613,
            35.13379558817028,
            -0.28543545012639376,
            3.722119143514072,
            -27.092563281069975,
            30.933242360999596,
            -0.9884406592159035,
