{
    "y_predict": [
        216.49652914497267,
        913.7909490993435,
        264.0338538219057,
        913.7909490993435,
        411.731201494629,
        342.6154195853531,
        147.1564882602416,
        83.31323983213828,
        153.17071984316954,
        98.3909449693447,
        63.8102900243688,
        319.3638164748485,
        301.67230431807235,
        97.3316318850222,
        109.800746062822,
        156.42526920963513,
        63.06048608061452,
        47.38110781276406,
        356.1315434858043
    ],
    "y_true": [
        198.0,
        1074.5,
        399.7,
        548.0,
        193.6,
        352.5,
        220.0,
        6.0,
        94.6,
        87.23,
        67.6,
        215.28,
        188.8,
        62.2,
        97.9,
        115.0,
        60.3,
        22.1,
        276.0
    ],
    "R2_score": 0.7526348132139578,
    "MAE_score": 81.36544678536674,
    "RMSE_score": 120.22852571100726,
    "features": [
        "rho_m",
        "r0_an",
        "r_cat",
        "kappa_cc",
        "Delta_V",
        "j",
        "B_flag",
        "CC",
        "Morph",
        "Synth"
    ],
    "params": [
        0.34251170505352013,
        0.8027287730100219,
        0.34502810795672534
    ]
}