{
    "y_predict": [
        424.67652578337953,
        216.43510174840574,
        327.69798419928935,
        49.3183178318564,
        223.23359193328787,
        162.36133575418927,
        117.23510188693889,
        187.20545993217198,
        235.84058685894922,
        205.34807800815338,
        196.65640956510848,
        332.8195680254473,
        251.30649786144502,
        347.7585337876735,
        320.5301726942298,
        624.4801761610661,
        108.6713787939252,
        368.22476374535734
    ],
    "y_true": [
        455.0,
        198.0,
        325.0,
        25.0,
        240.6,
        149.0,
        94.6,
        118.4,
        131.0,
        260.4,
        310.4,
        377.13,
        287.4,
        354.8,
        333.94,
        565.3,
        82.5,
        140.0
    ],
    "R2_score": 0.7271531113724901,
    "MAE_score": 49.22282384741247,
    "RMSE_score": 72.38549869096842,
    "features": [
        "rho_m",
        "sigma_ion",
        "r_an",
        "sigma_cc",
        "kappa_cc",
        "Delta_V",
        "j",
        "B_flag",
        "B_type",
        "Morph",
        "Synth"
    ],
    "params": [
        0.00013730818513387616,
        0.2823575356257606,
        0.636441566032967
    ]
}