{
    "y_predict": [
        38.03234400428626,
        59.404415884216974,
        59.39625739715613,
        59.404415884216974,
        24.01905801079641,
        62.10223437212339,
        43.74572209611045,
        57.484656365893535,
        38.86958234488759,
        37.70733228011006,
        74.80052546970768,
        44.56078853931023,
        43.35003812435556,
        42.714708100816104,
        37.24984417475306,
        54.66730183685401,
        39.6636909057347,
        37.60759664099631,
        63.26900702421607
    ],
    "y_true": [
        198.0,
        1074.5,
        399.7,
        548.0,
        193.6,
        352.5,
        220.0,
        6.0,
        94.6,
        87.23,
        67.6,
        215.28,
        188.8,
        62.2,
        97.9,
        115.0,
        60.3,
        22.1,
        276.0
    ],
    "R2_score": -0.5013195924467577,
    "MAE_score": 184.71821249982386,
    "RMSE_score": 296.1930122179842,
    "features": [
        "rho_m",
        "r0_an",
        "r_cat",
        "kappa_cc",
        "Delta_V",
        "j",
        "B_flag",
        "CC",
        "Morph",
        "Synth"
    ]
}