{
    "y_predict": [
        166.99830698385432,
        376.8323056128945,
        376.7042476943021,
        376.8323056128945,
        563.6212143116268,
        416.5515512196405,
        269.97701952232205,
        303.0618898630484,
        80.8783548968214,
        62.584366526490044,
        351.1314947902688,
        251.9527424066369,
        233.65875403630554,
        195.20836051848784,
        176.46997328583575,
        332.53097489372044,
        137.76176299061885,
        142.93929008094855,
        434.84553958997196
    ],
    "y_true": [
        198.0,
        1074.5,
        399.7,
        548.0,
        193.6,
        352.5,
        220.0,
        6.0,
        94.6,
        87.23,
        67.6,
        215.28,
        188.8,
        62.2,
        97.9,
        115.0,
        60.3,
        22.1,
        276.0
    ],
    "R2_score": 0.1435879347263601,
    "MAE_score": 152.29635158853554,
    "RMSE_score": 223.70702424334826,
    "features": [
        "rho_m",
        "r0_an",
        "r_cat",
        "kappa_cc",
        "Delta_V",
        "j",
        "B_flag",
        "CC",
        "Morph",
        "Synth"
    ]
}