{
    "y_predict": [
        358.7910411693855,
        220.58954548101366,
        323.66690147337766,
        290.0678571027395,
        163.9849123856182,
        138.00710870453412,
        55.24526842550745,
        247.05665191205662,
        363.2751954997891,
        158.43913746597644,
        198.5707487962768,
        293.7073412351913,
        137.84051914868695,
        431.2996313194342,
        413.98109553204483,
        488.74977843712395,
        211.61721940327573,
        312.6778219623343
    ],
    "y_true": [
        455.0,
        198.0,
        325.0,
        25.0,
        240.6,
        149.0,
        94.6,
        118.4,
        131.0,
        260.4,
        310.4,
        377.13,
        287.4,
        354.8,
        333.94,
        565.3,
        82.5,
        140.0
    ],
    "R2_score": 0.20469530270692204,
    "MAE_score": 103.0417922761672,
    "RMSE_score": 123.58303075484967,
    "features": [
        "rho_m",
        "sigma_ion",
        "r_an",
        "sigma_cc",
        "kappa_cc",
        "Delta_V",
        "j",
        "B_flag",
        "B_type",
        "Morph",
        "Synth"
    ]
}