{
    "y_predict": [
        169.41778910801776,
        336.06143073006905,
        306.52506439696367,
        328.5468706142541,
        179.26984755351688,
        178.1197183683419,
        293.74900498229493,
        216.25248820063118,
        221.48266044487778,
        167.9714209701743,
        323.9226203479464,
        37.554464086198855,
        30.741038556792518,
        338.379083123708,
        337.6123303335913,
        339.71385123756875,
        136.34671109891215,
        295.1917768296239
    ],
    "y_true": [
        455.0,
        198.0,
        325.0,
        25.0,
        240.6,
        149.0,
        94.6,
        118.4,
        131.0,
        260.4,
        310.4,
        377.13,
        287.4,
        354.8,
        333.94,
        565.3,
        82.5,
        140.0
    ],
    "R2_score": -0.513598601561186,
    "MAE_score": 132.25016960653343,
    "RMSE_score": 170.4894174458039,
    "features": [
        "B_flag",
        "B_type",
        "Delta_V",
        "Group_ID",
        "Morph",
        "Synth",
        "j",
        "kappa_cc",
        "r_an",
        "rho_m",
        "sigma_cc",
        "sigma_ion"
    ]
}