{
    "y_predict": [
        402.8428711396829,
        382.88674942726306,
        382.8846164614635,
        401.19611361414917,
        390.98441722947865,
        366.39274061093926,
        328.0204895554288,
        387.7254519684349,
        367.84809216995956,
        367.54338277002495,
        346.0114566654126,
        217.27656780962337,
        216.97637233645753,
        388.09352364989275,
        124.16046635244071,
        178.75726011829053,
        33.15926215952066,
        100.4676332137515,
        343.81074477726617
    ],
    "y_true": [
        198.0,
        1074.5,
        399.7,
        548.0,
        193.6,
        352.5,
        220.0,
        6.0,
        94.6,
        87.23,
        67.6,
        215.28,
        188.8,
        62.2,
        97.9,
        115.0,
        60.3,
        22.1,
        276.0
    ],
    "R2_score": 0.015874647648320472,
    "MAE_score": 169.07761730024674,
    "RMSE_score": 239.80787587438166,
    "features": [
        "B_flag",
        "CC",
        "Delta_V",
        "E_Bare_Anion_Radius",
        "Group_ID",
        "Morph",
        "Synth",
        "j",
        "kappa_cc",
        "r_cat",
        "rho_m"
    ]
}