{
    "y_predict": [
        193.52581727739516,
        746.4438598862795,
        379.564303371622,
        642.5171863323625,
        400.4779313258682,
        360.3708652176272,
        210.01088502923213,
        137.90748643207726,
        130.06398665381218,
        74.61339818101892,
        149.16699151073476,
        252.26917779918753,
        219.67521878462927,
        103.64229833784775,
        134.06419936416583,
        212.27668229110796,
        82.54063859104112,
        72.4375372813961,
        355.2452810916418
    ],
    "y_true": [
        198.0,
        1074.5,
        399.7,
        548.0,
        193.6,
        352.5,
        220.0,
        6.0,
        94.6,
        87.23,
        67.6,
        215.28,
        188.8,
        62.2,
        97.9,
        115.0,
        60.3,
        22.1,
        276.0
    ],
    "R2_score": 0.8112830158205335,
    "MAE_score": 69.89722196147115,
    "RMSE_score": 105.01315973189537,
    "features": [
        "Delta_V",
        "E_Bare_Anion_Radius",
        "j",
        "kappa_cc",
        "r_cat",
        "rho_m",
        "B_flag",
        "CC",
        "Group_ID",
        "Morph",
        "Synth"
    ],
    "shap_values": [
        [
            28.63892538284757,
            -16.037014761488106,
            -11.950388705406981,
            0.0,
            -11.488557997130968,
            33.78090988746325,
            -42.843300915442406,
            -15.927187524034355,
            -27.865090214066992,
            -59.657859935153624,
            16.123018215135588
        ],
        [
            16.358635845216252,
            26.38158000448075,
            397.2294762195098,
            0.0,
            -6.783047689633861,
            34.544180600306696,
            -33.10459432962543,
            -12.877743892593056,
            13.20218376810106,
            23.739391382609504,
            -12.9985658667644
        ],
        [
            -2.527876997207187,
            25.133679263037994,
            73.00714971936885,
            0.0,
            -9.155327909147655,
            33.57294924078027,
            -40.21352319854977,
            -15.247504521208649,
            16.089710997275596,
            18.63430338218604,
            -20.481620449585673
        ],
        [
            5.688382808059771,
            24.36973849467064,
            386.45693018952045,
            0.0,
            -10.99389611755009,
            32.640325851026965,
            -33.38790560181354,
            -13.058308139688913,
            -55.21610035693776,
            21.859401684010166,
            -16.593746323607313
        ],
        [
            21.20268067153634,
            -18.48033011446658,
            -147.74926615630483,
            0.0,
            -19.35780633282683,
            32.25806682313832,
            266.27280598750593,
            -18.48574860941919,
            -15.544119940750287,
            -15.498019675198933,
            15.107304827982091
        ],
        [
            18.651337886860567,
            -2.5851054621309544,
            -5.304818552251778,
            0.0,
            40.74760978142224,
            36.50929419386755,
            -43.926594851323976,
            -14.847102168903493,
            -3.692276248333016,
            20.91828425034471,
            13.147872543403212
        ],
        [
            -41.298885923709875,
            -15.733533819459915,
            -12.043133889808159,
            0.0,
            -6.753779020345169,
            34.409862750195316,
            -43.90222666442092,
            -17.179096879849478,
            23.912625728393458,
            -24.74353036283436,
            12.590219266399046
        ],
        [
            -39.34760884209968,
            20.784722349367666,
            -64.35591597116225,
            0.0,
            -13.29313612894134,
            29.599250779665024,
            -41.237672944634895,
            -16.540520844554038,
            -10.868150641818058,
            14.041311463821472,
            -41.62715663223874
        ],
        [
            18.432197659621053,
            -20.690263304330067,
            43.41342175492488,
            -87.49465748049856,
            -34.520857700363706,
            34.198521884971626,
            -44.27784550756961,
            0.0,
            6.518193743771491,
            -20.939833408438005,
            -65.32725483294908
        ],
        [
            18.710462035054565,
            -16.886486838451436,
            -6.657862274652269,
            -83.32680913277134,
            -35.03727105682183,
            30.829297480106156,
            -43.847522868517316,
            0.0,
            -2.3146792609916815,
            -20.722646923963982,
            -66.8854468226441
        ],
        [
            21.60721612243646,
            0.0,
            -57.11371232086071,
            18.434038317800553,
            32.96407258232129,
            30.50233912230827,
            -45.54243030632293,
            40.94195749190426,
            -18.36177685175383,
            -124.96423562540632,
            -50.05284086636449
        ],
        [
            -43.822652234687006,
            33.33196081901203,
            42.56241023370939,
            0.0,
            -8.078958951579851,
            -106.11499976634055,
            -40.009089929797035,
            -14.998537262328307,
            -23.115568528321962,
            100.83832734299817,
            10.923922231850462
        ],
        [
            -37.39675735662859,
            25.684974689849422,
            0.0,
            0.6720991339110469,
            -9.226299111195495,
            -97.38383874279151,
            -38.26574788262469,
            -15.18585249292247,
            -29.127331282639762,
            107.74932921371727,
            11.402278771281852
        ],
        [
            15.658772705913202,
            -23.038255388879453,
            -49.78248316612743,
            19.549160726572257,
            0.0,
            -95.90674461888024,
            -43.903831527188345,
            45.59102139493272,
            -14.092174691314446,
            -64.1404348896425,
            12.954903947789745
        ],
        [
            -52.19338014320071,
            -17.572905663106248,
            -6.298838294383601,
            0.0,
            -6.434167753763359,
            32.16471105928033,
            -43.60336975227339,
            -16.235940157414777,
            -11.15702968267515,
            -58.08746871420976,
            12.730224621240325
        ],
        [
            22.97401699122779,
            -6.5003275543325065,
            -38.91269585965171,
            -103.12589425632044,
            30.139854482063335,
            35.18413248375819,
            -43.71510926856779,
            -6.263103509367497,
            0.0,
            7.995085963578892,
            13.748358974047507
        ],
        [
            -47.122239712055425,
            -12.866646514122525,
            -23.68214613356329,
            0.0,
            29.95651149557288,
            -95.61028372043681,
            -44.25030975501924,
            -16.280206960405078,
            -30.432549684717223,
            12.027307708165898,
            10.048838022949752
        ],
        [
            -49.963985741120794,
            -15.228463301362673,
            -1.3946625422649106,
            0.0,
            -8.033313569080745,
            -97.41748051229605,
            -44.35441724292794,
            -16.45628037407651,
            -16.052288109748588,
            10.430465820193875,
            10.15559900940823
        ],
        [
            7.517677089724585,
            -8.556753171583367,
            36.995437294059144,
            0.0,
            36.93289858784488,
            40.59980334185759,
            -44.49936009762512,
            -14.950210787280941,
            -27.998179426072156,
            17.950675241891457,
            10.500929174153573
