{
    "y_predict": [
        421.9918956190229,
        216.42572951371184,
        304.7462628298609,
        132.10015730164383,
        206.78447039211628,
        150.73136356428165,
        137.90670625050254,
        227.01176117818707,
        269.97979822551406,
        216.26885114033664,
        239.72757458678805,
        342.37982458663674,
        226.76885528664775,
        377.3493176922281,
        356.03565772637444,
        539.8261576256892,
        137.34821333764737,
        357.55995646966085
    ],
    "y_true": [
        455.0,
        198.0,
        325.0,
        25.0,
        240.6,
        149.0,
        94.6,
        118.4,
        131.0,
        260.4,
        310.4,
        377.13,
        287.4,
        354.8,
        333.94,
        565.3,
        82.5,
        140.0
    ],
    "R2_score": 0.6781410626030713,
    "MAE_score": 58.77470939959184,
    "RMSE_score": 78.61851828768731,
    "features": [
        "Delta_V",
        "j",
        "kappa_cc",
        "r_an",
        "rho_m",
        "sigma_cc",
        "sigma_ion",
        "B_flag",
        "B_type",
        "Group_ID",
        "Morph",
        "Synth"
    ],
    "shap_values": [
        [
            38.936851173274285,
            36.185916790985154,
            1.572911637248211,
            6.233531308194569,
            20.43829553855097,
            4.4614723801720775,
            40.37480324150532,
            -29.168332679626303,
            0.0,
            31.018557895692215,
            0.0,
            7.224997479038392
        ],
        [
            26.04860709343793,
            -14.485261289981999,
            0.0,
            -34.21787808558215,
            17.984854626378592,
            0.0,
            -11.095613744305881,
            -29.952527723205677,
            21.757203931629395,
            -4.888129491696958,
            -29.715840777612478,
            10.277424120663053
        ],
        [
            46.30039025852827,
            -52.702032391885176,
            0.0,
            8.074838637811343,
            18.92361260687645,
            5.920300691209183,
            45.62132439180313,
            -25.178046024832177,
            -10.247204047870497,
            -7.425408861268927,
            0.0,
            10.745596715501259
        ],
        [
            -42.2910775689871,
            -45.77321588942006,
            0.0,
            27.73579933371538,
            15.687420281555148,
            2.950154483060345,
            -11.149082636328279,
            -31.922116898444045,
            -15.854180229381969,
            -5.151512362928078,
            0.0,
            -26.844922065185546
        ],
        [
            23.910462453898003,
            46.400122504688554,
            0.0,
            -38.35394303656994,
            18.9974541573954,
            0.0,
            -14.246137769421706,
            -30.950299378856357,
            14.954614673074477,
            -5.323015563915149,
            -34.872984159826025,
            -38.44469434233902
        ],
        [
            27.11247708896328,
            -21.771379970438705,
            0.0,
            -28.46189961143809,
            15.932927298679399,
            0.0,
            -13.497788010086186,
            -30.68252674369357,
            19.47836485976915,
            -6.308456426833004,
            -31.07996339727609,
            -44.703282377352586
        ],
        [
            0.0,
            54.45934492209056,
            -17.598314471265084,
            -36.11289787709785,
            19.665715260397576,
            -21.273959277455692,
            -14.070845789621382,
            -30.787653401350752,
            -11.723322967400474,
            0.0,
            -12.014688349685263,
            -57.349562652097134
        ],
        [
            -31.251623734478372,
            51.68721000949654,
            -19.811692087030497,
            0.0,
            22.29411283960558,
            -12.69663900721785,
            -9.401485572299476,
            -30.250126867799477,
            -13.28254171740003,
            17.032158005974857,
            -12.020501544652221,
            0.0
        ],
        [
            47.40255945161234,
            -10.450102318283877,
            0.0,
            33.14776824130841,
            16.940382778217472,
            0.0,
            -8.64082239917555,
            -30.81147002960671,
            -17.54700367718571,
            -19.514462706768878,
            -15.607842796772875,
            10.347900828181405
        ],
        [
            -35.74743403192079,
            0.0,
            0.0,
            36.814163142883125,
            -41.94588879365989,
            3.1337251904176497,
            -7.327729758227506,
            -32.20798448395876,
            -14.004676559181378,
            27.284818046945567,
            7.379399998600709,
            8.17756753444988
        ],
        [
            -49.13812554193841,
            -7.075067998652505,
            0.0,
            34.65440085618089,
            -44.584626995544774,
            0.0,
            -4.226933471435903,
            -27.794138507983618,
            -16.219323947883694,
            7.3471966028148294,
            72.71104320757141,
            9.340259529671805
        ],
        [
            30.483850100151923,
            33.664569111941596,
            0.0,
            -31.743042382216,
            20.84973492696933,
            5.196453483080859,
            0.0,
            -31.06000695471616,
            27.881281048924826,
            25.359809485487183,
            -11.950333462174292,
            8.984618375199462
        ],
        [
            27.304928884679878,
            -100.00484043201952,
            0.0,
            -30.22594611703284,
            17.245784542528167,
            4.879506868727034,
            0.0,
            -24.922217918555646,
            34.003290154290845,
            34.29423818315463,
            -10.215647474389447,
            9.696867741276629
        ],
        [
            36.6023977129009,
            0.0,
            0.0,
            40.0106389062218,
            17.16526397948759,
            5.5942720777016754,
            -9.032631354556642,
            -28.95329601479121,
            26.345259866598465,
            8.53925794795732,
            6.004928192209425,
            10.360335524510623
        ],
        [
            37.61680483398459,
            -29.19447852922787,
            0.0,
            36.03389054217466,
            17.22401920632907,
            5.490124721148689,
            0.0,
            -29.97060638349151,
            27.53508638358096,
            10.513832856802985,
            6.587527582296697,
            9.486565658788132
        ],
        [
            38.897132721129424,
            53.06653501113167,
            2.065842076177205,
            47.92500783831244,
            20.686718823665515,
            6.125547153576726,
            0.0,
            -25.73695546265853,
            26.981388438336577,
            0.0,
            97.77095911268466,
            7.331091059345566
        ],
        [
            24.418792157640247,
            -92.92075971322872,
            -19.718758948460884,
            0.0,
            18.152521128015298,
            -34.40357548746611,
            -19.0092482747482,
            -22.74356129570072,
            13.194768565584125,
            -5.072906634125204,
            0.0,
            10.73805098614947
        ],
        [
            41.5876092841704,
            42.53175137025008,
            0.0,
            4.560252347410739,
            19.722632677806885,
            4.542412175815202,
            33.81406051230523,
            -27.663089619943225,
            -9.871706826239691,
            0.0,
            -23.51760257341633,
            7.140746267513501
        ]
    ],