{
    "y_predict": [
        221.072160337003,
        931.0,
        243.19151846785547,
        931.0,
        366.10136798906046,
        353.131668946646,
        174.29750537424277,
        47.694528043775655,
        125.23640218878325,
        81.91158686730462,
        38.6103283173738,
        315.0,
        310.39999999999617,
        100.4930369357034,
        126.25017099863248,
        144.23720930232682,
        53.550592795258204,
        25.838508891929106,
        349.74812390071867
    ],
    "y_true": [
        198.0,
        1074.5,
        399.7,
        548.0,
        193.6,
        352.5,
        220.0,
        6.0,
        94.6,
        87.23,
        67.6,
        215.28,
        188.8,
        62.2,
        97.9,
        115.0,
        60.3,
        22.1,
        276.0
    ],
    "R2_score": 0.7648743023931891,
    "MAE_score": 75.42061293223895,
    "RMSE_score": 117.21637350816192,
    "features": [
        "rho_m",
        "r0_an",
        "r_cat",
        "kappa_cc",
        "Delta_V",
        "j",
        "B_flag",
        "CC",
        "Morph",
        "Synth"
    ],
    "params": {
        "n_estimators": 731,
        "max_depth": 14,
        "min_samples_split": 2,
        "min_samples_leaf": 1,
        "max_features": "sqrt",
        "bootstrap": false
    }
}