{
    "y_predict": [
        440.5183500000001,
        211.64999999999986,
        337.19375,
        64.41125,
        221.89999999999924,
        164.6999999999988,
        128.9511750000009,
        159.18574999999987,
        229.12550000000118,
        229.4623750000007,
        188.80000000000143,
        295.2069499999987,
        312.17574999999806,
        354.0982500000009,
        300.5670416666665,
        636.0,
        116.7225,
        378.1379999999998
    ],
    "y_true": [
        455.0,
        198.0,
        325.0,
        25.0,
        240.6,
        149.0,
        94.6,
        118.4,
        131.0,
        260.4,
        310.4,
        377.13,
        287.4,
        354.8,
        333.94,
        565.3,
        82.5,
        140.0
    ],
    "R2_score": 0.7042555571448277,
    "MAE_score": 51.32059490740727,
    "RMSE_score": 75.36164406483103,
    "features": [
        "rho_m",
        "sigma_ion",
        "r_an",
        "sigma_cc",
        "kappa_cc",
        "Delta_V",
        "j",
        "B_flag",
        "B_type",
        "Morph",
        "Synth"
    ],
    "params": {
        "n_estimators": 400,
        "max_depth": 19,
        "min_samples_split": 2,
        "min_samples_leaf": 1,
        "max_features": "log2",
        "bootstrap": false
    }
}