{
    "y_predict": [
        359.8229658451123,
        220.8416312216784,
        328.86899380304635,
        293.99462159552667,
        160.54892632354483,
        135.44661381092112,
        61.016614285039395,
        244.26987884817356,
        374.1179944990392,
        160.90497756683692,
        198.05565039710297,
        290.8213566297445,
        140.20748155400213,
        429.7673145203038,
        413.032439511888,
        483.6528623589858,
        203.74076915869608,
        321.50714817617745
    ],
    "y_true": [
        455.0,
        198.0,
        325.0,
        25.0,
        240.6,
        149.0,
        94.6,
        118.4,
        131.0,
        260.4,
        310.4,
        377.13,
        287.4,
        354.8,
        333.94,
        565.3,
        82.5,
        140.0
    ],
    "R2_score": 0.1828983332383921,
    "MAE_score": 103.93629680906885,
    "RMSE_score": 125.2651076886251,
    "features": [
        "rho_m",
        "sigma_ion",
        "r_an",
        "sigma_cc",
        "kappa_cc",
        "Delta_V",
        "j",
        "B_flag",
        "B_type",
        "Morph",
        "Synth"
    ],
    "params": {
        "alpha": 0.48956893578393373,
        "solver": "sag"
    }
}