{
    "y_predict": [
        388.93108570359414,
        202.01799090449623,
        350.3395399687943,
        83.07219561063204,
        231.05199209518918,
        165.55312280118065,
        148.8323075203627,
        183.22924231062171,
        218.72721979907416,
        180.15070801690007,
        213.60672228723567,
        294.2585959060018,
        234.82461234372897,
        351.5319255985705,
        326.72515871544545,
        603.2877924040653,
        145.39406336981494,
        392.6274544218586
    ],
    "y_true": [
        455.0,
        198.0,
        325.0,
        25.0,
        240.6,
        149.0,
        94.6,
        118.4,
        131.0,
        260.4,
        310.4,
        377.13,
        287.4,
        354.8,
        333.94,
        565.3,
        82.5,
        140.0
    ],
    "R2_score": 0.6576933731463397,
    "MAE_score": 59.04834046912416,
    "RMSE_score": 81.07738284648653,
    "features": [
        "rho_m",
        "sigma_ion",
        "r_an",
        "sigma_cc",
        "kappa_cc",
        "Delta_V",
        "j",
        "B_flag",
        "B_type",
        "Morph",
        "Synth"
    ],
    "shap_values": [
        [
            18.34286584593938,
            60.890228030448995,
            12.400758389462062,
            8.410115104184188,
            4.301230115713552,
            36.06224718264613,
            30.222762877805508,
            -7.2596666229218405,
            -13.86111222378022,
            -10.68151424356547,
            8.8898467750089
        ],
        [
            12.084950467901072,
            -16.149353901667062,
            -22.56042588260767,
            6.6339555511495565,
            2.581785171949596,
            22.837887504804677,
            -20.715489136950346,
            -11.382821769707189,
            8.12420744965988,
            -33.30729433537417,
            12.657265901161008
        ],
        [
            16.783887287377148,
            65.85363876631249,
            14.734505739377346,
            8.879070893142925,
            4.315674695550697,
            33.67942004453239,
            -24.09934304195147,
            -8.03412815478203,
            -14.33894207147321,
            -1.4936794699028906,
            12.846110089637204
        ],
        [
            7.116536445998354,
            -13.332532171273293,
            10.92467782682048,
            3.8166306754259494,
            1.9834848332870751,
            -54.42053945035961,
            -42.860304980973886,
            -12.767980098952147,
            -29.764481218659785,
            -7.97982419155951,
            -20.856796420088177
        ],
        [
            9.886206699195318,
            -9.825137483467088,
            -26.07266046532179,
            6.317917774060771,
            2.540367097791022,
            18.78677932431645,
            49.79017295384052,
            -9.38166122914714,
            3.595616626413612,
            -29.103762662027037,
            -26.6951703783431
        ],
        [
            7.645745844795601,
            -10.019122897215448,
            -11.122411816571402,
            6.000727611185284,
            2.3207960961930802,
            18.25763503644739,
            -11.529572774664267,
            -10.96577319275395,
            7.614753053246131,
            -32.86189656869985,
            -41.00108170215739
        ],
        [
            7.659614403885789,
            -21.36976980597051,
            -16.996319910368292,
            -28.583023966860654,
            -6.959214395954623,
            8.206791799031343,
            45.98898144189821,
            -10.289347219674136,
            -19.954966265500044,
            -14.104564482753776,
            -35.97919845977383
        ],
        [
            9.437584444527747,
            -16.89086474545723,
            5.171363053358509,
            -19.40050216351985,
            -8.56462699907046,
            -38.3681621520991,
            48.798552408030375,
            -10.56962965691263,
            -20.508064421350717,
            -13.780775679231738,
            6.691044113304306
        ],
        [
            8.837787825923296,
            -17.43907671241527,
            11.98967784640059,
            8.126879244143346,
            3.4899949753284454,
            32.42323217906334,
            -16.435953241402895,
            -12.006852246617,
            -31.014752200133515,
            -21.062883141786443,
            10.6058412374201
        ],
        [
            -22.865389066854842,
            -10.258039374074588,
            25.615907044513662,
            4.33025251570487,
            1.9389548717811704,
            -10.9653366020662,
            -16.006448593159874,
            -11.244239717512,
            -25.100503259335238,
            -4.235643224984233,
            7.7278685439109545
        ],
        [
            -26.634438205621553,
            -6.82386148486069,
            24.0270291487738,
            4.969575582708731,
            2.206399136967957,
            -42.749333502418125,
            -15.251968276136177,
            -8.071534973285598,
            -24.833305969180365,
            57.1262688245917,
            8.428567515100513
        ],
        [
            14.398886971722822,
            -4.909695786381353,
            -33.89237355627684,
            7.622199857148371,
            3.1492719664354807,
            23.06306637811089,
            31.42411949701789,
            -9.164048769828705,
            18.805712300663,
            -8.113912897570263,
            10.662046882704308
        ],
        [
            10.946134657528019,
            -5.3898442377762805,
            -24.363010054266304,
            7.2968344067793804,
            3.0129753255913965,
            23.388674824463305,
            -59.85718787933489,
            -6.366364220659843,
            34.79936126693327,
            -3.143038859144872,
            13.286753157920321
        ],
        [
            13.168416479230508,
            -7.227410246349109,
            27.78522582069185,
            10.089442002600263,
            4.4039020096464085,
            34.11761965708625,
            -10.523865775252489,
            -9.3366323419922,
            32.1845931491768,
            1.7283311461469566,
            13.928981319963931
        ],
        [
            12.633949145582156,
            -7.512168293439527,
            24.33533407329902,
            9.936827872799913,
            4.32408056776505,
            33.50850817250372,
            -31.64830457278047,
            -9.655596465316457,
            32.63504742363468,
            2.368713197697507,
            14.585444983795751
        ],
        [
            16.674514750551317,
            4.414152604910551,
            49.14986418317596,
            11.84830911940313,
            4.838666413421743,
            41.730115589000704,
            59.17415463071127,
            -3.5598615472079107,
            45.507863495616476,
            117.05843879685692,
            15.238253853945643
        ],
        [
            8.554892253041034,
            -20.491877400511868,
            0.19242362371849595,
            -39.99744336646183,
            -13.518068472987215,
            17.453485271178796,
            -44.97743250921499,
            -5.97890086594939,
            3.826833509300195,
            -8.650314258587532,
            7.767140241840679
        ],
        [
            14.470871219678083,
            44.875935716980386,
            13.275621953553163,
            7.412131476815957,
            4.060272517856211,
            34.10554617481699,
            41.12738239018712,
            -7.7314839235408,
            -8.342127945558277,
            -0.017227402146963867,
            8.177207639698937
        ]
    ],