{
    "y_predict": [
        166.37587908768108,
        374.759389859084,
        374.63262812424597,
        374.6139223174828,
        556.5020606144013,
        414.73201527555136,
        268.40315925897215,
        302.93992059056757,
        78.12243985364813,
        60.01362059106674,
        353.7837112155943,
        252.15888181800494,
        234.0500625554236,
        199.12094739245845,
        177.3406529023303,
        331.9161305098478,
        138.0487654708613,
        143.61580426516477,
        433.02266896513436
    ],
    "y_true": [
        198.0,
        1074.5,
        399.7,
        548.0,
        193.6,
        352.5,
        220.0,
        6.0,
        94.6,
        87.23,
        67.6,
        215.28,
        188.8,
        62.2,
        97.9,
        115.0,
        60.3,
        22.1,
        276.0
    ],
    "R2_score": 0.14317179363924648,
    "MAE_score": 152.72983689479491,
    "RMSE_score": 223.76136863079034,
    "features": [
        "B_flag",
        "CC",
        "Delta_V",
        "E_Bare_Anion_Radius",
        "Group_ID",
        "Morph",
        "Synth",
        "j",
        "kappa_cc",
        "r_cat",
        "rho_m"
    ],
    "params": {
        "alpha": 0.13695846498618353,
        "solver": "lsqr"
    }
}