{
    "y_predict": [
        359.31493438295456,
        225.95896736532316,
        331.93878456907225,
        296.7230387221293,
        163.00925937317868,
        137.8118534180627,
        60.49405793961296,
        246.10551468916682,
        372.7699092651026,
        160.19163066948676,
        201.40800102415105,
        286.465111018977,
        135.28067528828097,
        432.6430834052455,
        415.84481276850147,
        486.20431043754917,
        203.94098123247826,
        325.22578484061506
    ],
    "y_true": [
        455.0,
        198.0,
        325.0,
        25.0,
        240.6,
        149.0,
        94.6,
        118.4,
        131.0,
        260.4,
        310.4,
        377.13,
        287.4,
        354.8,
        333.94,
        565.3,
        82.5,
        140.0
    ],
    "R2_score": 0.16899270547417478,
    "MAE_score": 105.12005796141001,
    "RMSE_score": 126.3265064441067,
    "features": [
        "B_flag",
        "B_type",
        "Delta_V",
        "Group_ID",
        "Morph",
        "Synth",
        "j",
        "kappa_cc",
        "r_an",
        "rho_m",
        "sigma_cc",
        "sigma_ion"
    ],
    "params": {
        "alpha": 0.4224960442034754,
        "solver": "auto"
    }
}