{
    "y_predict": [
        416.6019,
        191.15560000000008,
        293.7196,
        58.3376,
        238.69000000000014,
        164.1813000000001,
        183.86059999999995,
        216.90579999999994,
        224.03379999999987,
        200.45499999999993,
        273.55400000000003,
        287.57220000000024,
        278.48700000000036,
        292.4426,
        270.05100000000004,
        591.4590999999991,
        133.75010000000006,
        341.355
    ],
    "y_true": [
        455.0,
        198.0,
        325.0,
        25.0,
        240.6,
        149.0,
        94.6,
        118.4,
        131.0,
        260.4,
        310.4,
        377.13,
        287.4,
        354.8,
        333.94,
        565.3,
        82.5,
        140.0
    ],
    "R2_score": 0.7250310761962089,
    "MAE_score": 56.00135555555546,
    "RMSE_score": 72.66643843444275,
    "features": [
        "B_flag",
        "B_type",
        "Delta_V",
        "Group_ID",
        "Morph",
        "Synth",
        "j",
        "kappa_cc",
        "r_an",
        "rho_m",
        "sigma_cc",
        "sigma_ion"
    ]
}