{
    "y_predict": [
        209.79790000000006,
        797.8389999999998,
        302.61159999999995,
        754.6209999999998,
        390.2460000000002,
        336.57589999999976,
        177.73499999999996,
        83.82260000000001,
        191.8099999999999,
        118.70570000000005,
        99.84580000000001,
        275.0883999999997,
        263.74449999999985,
        90.75359999999996,
        107.369,
        141.69210000000004,
        64.27299999999993,
        41.182999999999964,
        362.13489999999956
    ],
    "y_true": [
        198.0,
        1074.5,
        399.7,
        548.0,
        193.6,
        352.5,
        220.0,
        6.0,
        94.6,
        87.23,
        67.6,
        215.28,
        188.8,
        62.2,
        97.9,
        115.0,
        60.3,
        22.1,
        276.0
    ],
    "R2_score": 0.8147705157573313,
    "MAE_score": 73.39031578947365,
    "RMSE_score": 104.03831051585098,
    "features": [
        "B_flag",
        "CC",
        "Delta_V",
        "E_Bare_Anion_Radius",
        "Group_ID",
        "Morph",
        "Synth",
        "j",
        "kappa_cc",
        "r_cat",
        "rho_m"
    ]
}