{
    "y_predict": [
        195.7063751220703,
        932.095703125,
        329.44073486328125,
        786.1719970703125,
        213.5200958251953,
        323.77642822265625,
        195.27249145507812,
        40.02381134033203,
        213.1433868408203,
        112.51275634765625,
        58.32985305786133,
        247.63101196289062,
        222.63917541503906,
        66.08551788330078,
        119.51660919189453,
        117.29247283935547,
        56.42948913574219,
        30.146907806396484,
        290.5022277832031
    ],
    "y_true": [
        198.0,
        1074.5,
        399.7,
        548.0,
        193.6,
        352.5,
        220.0,
        6.0,
        94.6,
        87.23,
        67.6,
        215.28,
        188.8,
        62.2,
        97.9,
        115.0,
        60.3,
        22.1,
        276.0
    ],
    "R2_score": 0.9075142701300833,
    "MAE_score": 43.896047122352996,
    "RMSE_score": 73.51493819138035,
    "features": [
        "B_flag",
        "CC",
        "Delta_V",
        "E_Bare_Anion_Radius",
        "Group_ID",
        "Morph",
        "Synth",
        "j",
        "kappa_cc",
        "r_cat",
        "rho_m"
    ]
}