{
    "y_predict": [
        477.9466552734375,
        216.52317810058594,
        317.0556335449219,
        29.834457397460938,
        239.92135620117188,
        168.3349609375,
        214.75204467773438,
        267.04931640625,
        158.1893310546875,
        230.0625,
        261.41217041015625,
        265.5777893066406,
        314.2469482421875,
        288.7272644042969,
        307.6712951660156,
        562.3065795898438,
        132.308349609375,
        380.4488220214844
    ],
    "y_true": [
        455.0,
        198.0,
        325.0,
        25.0,
        240.6,
        149.0,
        94.6,
        118.4,
        131.0,
        260.4,
        310.4,
        377.13,
        287.4,
        354.8,
        333.94,
        565.3,
        82.5,
        140.0
    ],
    "R2_score": 0.6515457470915715,
    "MAE_score": 54.0871930609809,
    "RMSE_score": 81.80219413001898,
    "features": [
        "B_flag",
        "B_type",
        "Delta_V",
        "Group_ID",
        "Morph",
        "Synth",
        "j",
        "kappa_cc",
        "r_an",
        "rho_m",
        "sigma_cc",
        "sigma_ion"
    ]
}