{
    "y_predict": [
        214.9950614327792,
        900.2909269970191,
        281.194877364328,
        900.2909269970191,
        474.60428261141027,
        335.75019725718664,
        138.06419606105118,
        107.04776728786942,
        157.59050394154292,
        102.727095728803,
        77.97411074206988,
        320.66342850342573,
        292.12997210939204,
        114.0569140599813,
        118.90122828702263,
        170.5175997837988,
        67.17062495379065,
        67.40914177234538,
        363.0197287004031
    ],
    "y_true": [
        198.0,
        1074.5,
        399.7,
        548.0,
        193.6,
        352.5,
        220.0,
        6.0,
        94.6,
        87.23,
        67.6,
        215.28,
        188.8,
        62.2,
        97.9,
        115.0,
        60.3,
        22.1,
        276.0
    ],
    "R2_score": 0.7235444168969806,
    "MAE_score": 89.8888520648457,
    "RMSE_score": 127.10156991644301,
    "features": [
        "j",
        "Delta_V",
        "rho_m",
        "kappa_cc",
        "Morph",
        "r_cat",
        "r0_an",
        "Synth",
        "CC",
        "B_flag"
    ],
    "importance_mean": [
        0.9751343952479955,
        0.06221178214244765,
        0.03951411707205461,
        0.022980090541196495,
        0.021703748872308457,
        0.017786774264380852,
        0.015152209294606582,
        0.012524968268159176,
        0.01030370320562433,
        -0.004239558357295766
    ],
    "importance_std": [
        0.30600726198026784,
        0.06868666717529259,
        0.02707629135524909,
        0.027499997862261254,
        0.04395592813813224,
        0.034667322353273855,
        0.055638099208234724,
        0.02748589242129394,
        0.016759608123178688,
        0.046966200410050965
    ]
}