{
    "y_predict": [
        388.93108570359414,
        202.01799090449623,
        350.3395399687943,
        83.07219561063204,
        231.05199209518918,
        165.55312280118065,
        148.8323075203627,
        183.22924231062171,
        218.72721979907416,
        180.15070801690007,
        213.60672228723567,
        294.2585959060018,
        234.82461234372897,
        351.5319255985705,
        326.72515871544545,
        603.2877924040653,
        145.39406336981494,
        392.6274544218586
    ],
    "y_true": [
        455.0,
        198.0,
        325.0,
        25.0,
        240.6,
        149.0,
        94.6,
        118.4,
        131.0,
        260.4,
        310.4,
        377.13,
        287.4,
        354.8,
        333.94,
        565.3,
        82.5,
        140.0
    ],
    "R2_score": 0.6576933731463397,
    "MAE_score": 59.04834046912416,
    "RMSE_score": 81.07738284648653,
    "features": [
        "Morph",
        "j",
        "Delta_V",
        "B_type",
        "sigma_ion",
        "Synth",
        "sigma_cc",
        "r_an",
        "kappa_cc",
        "B_flag",
        "rho_m"
    ],
    "importance_mean": [
        0.16716931218611766,
        0.14922766987057975,
        0.11267049860258758,
        0.10952843616442288,
        0.0789304972323742,
        0.07251727106704528,
        0.05594002841820196,
        0.030123423786027677,
        0.01353720368330255,
        0.0,
        -0.015671414057173264
    ],
    "importance_std": [
        0.10205045772256902,
        0.10814374580015926,
        0.07730581326973374,
        0.06931396624617474,
        0.06656560153826206,
        0.041863710096524204,
        0.038212801862982974,
        0.04065642069244983,
        0.012484997903667144,
        0.0,
        0.034959318874402845
    ]
}