{
    "y_predict": [
        214.9950614327792,
        900.2909269970191,
        281.194877364328,
        900.2909269970191,
        474.60428261141027,
        335.75019725718664,
        138.06419606105118,
        107.04776728786942,
        157.59050394154292,
        102.727095728803,
        77.97411074206988,
        320.66342850342573,
        292.12997210939204,
        114.0569140599813,
        118.90122828702263,
        170.5175997837988,
        67.17062495379065,
        67.40914177234538,
        363.0197287004031
    ],
    "y_true": [
        198.0,
        1074.5,
        399.7,
        548.0,
        193.6,
        352.5,
        220.0,
        6.0,
        94.6,
        87.23,
        67.6,
        215.28,
        188.8,
        62.2,
        97.9,
        115.0,
        60.3,
        22.1,
        276.0
    ],
    "R2_score": 0.7235444168969806,
    "MAE_score": 89.8888520648457,
    "RMSE_score": 127.10156991644301,
    "features": [
        "rho_m",
        "r0_an",
        "r_cat",
        "kappa_cc",
        "Delta_V",
        "j",
        "B_flag",
        "CC",
        "Morph",
        "Synth"
    ],
    "params": {
        "depth": 7,
        "learning_rate": 0.08043318222677678,
        "iterations": 469,
        "l2_leaf_reg": 8.833711896234426,
        "random_strength": 1.3789523383535103,
        "bagging_temperature": 0.04739082301166442
    }
}