{
    "y_predict": [
        394.9635640635235,
        219.5026460946229,
        438.4611654519436,
        91.3412050885549,
        250.7134547143878,
        170.00740505784344,
        122.78493515648697,
        251.2285659029205,
        223.5627889707316,
        206.5932419171971,
        244.8168491806442,
        287.9049242881136,
        226.69499727306402,
        410.1052821094267,
        357.2279357538652,
        592.0144236625285,
        197.85443733228288,
        421.6947741958025
    ],
    "y_true": [
        455.0,
        198.0,
        325.0,
        25.0,
        240.6,
        149.0,
        94.6,
        118.4,
        131.0,
        260.4,
        310.4,
        377.13,
        287.4,
        354.8,
        333.94,
        565.3,
        82.5,
        140.0
    ],
    "R2_score": 0.5235099714433287,
    "MAE_score": 73.20641348715861,
    "RMSE_score": 95.65748893988723,
    "features": [
        "rho_m",
        "sigma_ion",
        "r_an",
        "sigma_cc",
        "kappa_cc",
        "Delta_V",
        "j",
        "B_flag",
        "B_type",
        "Morph",
        "Synth"
    ],
    "params": {
        "hidden_layer_sizes": [
            128
        ],
        "activation": "relu",
        "solver": "adam",
        "alpha": 0.004996467836793193,
        "learning_rate_init": 0.004884629669137654,
        "learning_rate": "invscaling",
        "max_iter": 1135,
        "batch_size": 16
    }
}