{
    "y_predict": [
        173.66961412810014,
        486.9002397442627,
        486.33688833019187,
        486.9002397442627,
        423.928898191064,
        381.48654588735747,
        162.57420385792315,
        53.26531699758845,
        183.27356033430493,
        119.5623584623686,
        111.33009155075102,
        324.08345468198274,
        288.8542815028683,
        31.670415725476914,
        125.89283587610508,
        106.57374662703425,
        52.52203337423849,
        11.082859620529412,
        395.51632794064545
    ],
    "y_true": [
        198.0,
        1074.5,
        399.7,
        548.0,
        193.6,
        352.5,
        220.0,
        6.0,
        94.6,
        87.23,
        67.6,
        215.28,
        188.8,
        62.2,
        97.9,
        115.0,
        60.3,
        22.1,
        276.0
    ],
    "R2_score": 0.5807787278719827,
    "MAE_score": 89.6066951017579,
    "RMSE_score": 156.51641363641946,
    "features": [
        "rho_m",
        "r0_an",
        "r_cat",
        "kappa_cc",
        "Delta_V",
        "j",
        "B_flag",
        "CC",
        "Morph",
        "Synth"
    ],
    "params": {
        "hidden_layer_sizes": [
            64,
            32
        ],
        "activation": "relu",
        "solver": "adam",
        "alpha": 0.042785773593335324,
        "learning_rate_init": 0.00128034499554503,
        "learning_rate": "adaptive",
        "max_iter": 630,
        "batch_size": 8
    }
}