{
    "y_predict": [
        199.1782640851437,
        735.0494742438387,
        300.868793153645,
        735.0494742438387,
        449.5282766248235,
        366.81256411173035,
        183.1250551336781,
        157.8722860696961,
        136.32058273003008,
        89.95270873188777,
        161.72432090908737,
        297.75308179477815,
        280.3263608646226,
        121.61380906917763,
        122.56876447430302,
        212.92240384722012,
        89.26397103315487,
        77.4983364832115,
        381.4284096676552
    ],
    "y_true": [
        198.0,
        1074.5,
        399.7,
        548.0,
        193.6,
        352.5,
        220.0,
        6.0,
        94.6,
        87.23,
        67.6,
        215.28,
        188.8,
        62.2,
        97.9,
        115.0,
        60.3,
        22.1,
        276.0
    ],
    "R2_score": 0.7256091795357238,
    "MAE_score": 93.15054169522101,
    "RMSE_score": 126.62603887563188,
    "features": [
        "rho_m",
        "r0_an",
        "r_cat",
        "kappa_cc",
        "Delta_V",
        "j",
        "B_flag",
        "CC",
        "Morph",
        "Synth"
    ],
    "shap_values": [
        [
            34.4734813851078,
            -22.847199896845137,
            -7.781580159206332,
            -7.499687835741624,
            30.606640587298887,
            -19.036716743044725,
            -40.38230530033525,
            -13.31488559035486,
            -71.4029673900066,
            14.392261301960772
        ],
        [
            30.488181746727115,
            30.12107450671143,
            -4.187307280278524,
            -1.8001365106993603,
            19.196314681012616,
            380.87245494927583,
            -29.8857354210698,
            -11.122444951337144,
            24.257379461662165,
            -4.861530664476293
        ],
        [
            30.150576548169926,
            18.49733388483098,
            -8.190177644070467,
            -5.671865735005584,
            -19.18214813515533,
            34.002607423072355,
            -38.64736383269896,
            -13.287261050948318,
            15.459460137317171,
            -14.233592168177529
        ],
        [
            30.488181746727115,
            30.12107450671143,
            -4.187307280278524,
            -1.8001365106993603,
            19.196314681012616,
            380.87245494927583,
            -29.8857354210698,
            -11.122444951337144,
            24.257379461662165,
            -4.861530664476293
        ],
        [
            34.066712969415434,
            -18.615560663604217,
            -13.239654444203856,
            -6.547033355770566,
            25.657166527479585,
            -114.26906128546821,
            249.79699506197386,
            -13.258852144876801,
            -8.834325054384351,
            12.800665287951887
        ],
        [
            36.767569335520434,
            10.7678547154635,
            33.41740515359957,
            -5.597361874837862,
            11.437030720921308,
            -1.1258302310156978,
            -41.80348342401838,
            -12.434235826821466,
            23.81039461515242,
            9.601997201455742
        ],
        [
            32.738939876261746,
            -17.672891419730117,
            3.897660299275259,
            -8.135399611998976,
            -52.523566956617586,
            -14.596674520638809,
            -41.68810383668492,
            -15.033680420123087,
            -15.075033757814824,
            9.242581755438607
        ],
        [
            28.04427430803288,
            13.923633784408343,
            -12.047755764743199,
            -7.03957487845865,
            -49.34243770343208,
            -51.41112841152225,
            -38.504294944751834,
            -14.3825186458037,
            11.72143787637134,
            -25.060573276715573
        ],
        [
            32.280864971080476,
            -12.98454517255194,
            -44.4447426869097,
            -83.19778206791801,
            19.35061993609436,
            40.9527541389038,
            -41.16436741171094,
            4.190136818675796,
            -18.337819876778376,
            -62.29575964516614
        ],
        [
            29.152720934906213,
            -12.377606499704735,
            -45.262266101431166,
            -80.46725123892428,
            20.71475240172052,
            -5.3945874325984065,
            -40.94386995170989,
            3.5939043698915043,
            -18.372297141178844,
            -62.66201433539394
        ],
        [
            29.261065607194706,
            -2.0958720348374698,
            25.799637669640276,
            -3.936438190178439,
            17.43830019105133,
            -47.779526836854714,
            -43.77141668545261,
            35.66452323464875,
            -106.95950301307391,
            -43.86767275936131
        ],
        [
            -98.9623473275087,
            33.146634684647395,
            -4.7327548710227445,
            -6.641488229379758,
            -27.727049982628557,
            41.93123409713305,
            -37.38509020626389,
            -13.46496507030674,
            99.85458028207987,
            9.763104691717459
        ],
        [
            -86.25722503162429,
            28.591508256981605,
            -5.9728354860360415,
            -6.892725940922022,
            -21.770521775346907,
            4.576014256084655,
            -35.34948561654707,
            -13.738784083969144,
            104.43411676315704,
            10.735075796533994
        ],
        [
            -89.12882967724856,
            -26.973572235524998,
            -1.6848055113765952,
            4.31166109042068,
            12.936037799156075,
            -36.94360775934588,
            -40.503096702449795,
            45.78733271698855,
            -58.3587038878771,
            10.200169510124457
        ],
        [
            29.45107640115695,
            -22.523039363701923,
            -1.0041118048617932,
            -8.267028516216007,
            -49.56972662948855,
            -11.839463335242367,
            -41.732189096607875,
            -15.335641350236866,
            -67.36455749091368,
            8.782221934104356
        ],
        [
            33.48731118300443,
            -7.951208362006593,
            23.498609185069935,
            -96.46510901731317,
            20.63171762636031,
            -37.24053087996226,
            -41.174948387831876,
            -5.827973958398488,
            10.327700401424327,
            11.665612330562743
        ],
        [
            -96.9684046767832,
            -21.746942843789263,
            22.30183632143888,
            -8.852243587318142,
            -46.44763781311417,
            -20.854384074551312,
            -42.64003408060209,
            -15.3726723752065,
            10.069215900079021,
            7.804014536690829
        ],
        [
            -98.78463364435822,
            -10.557826023684742,
            -7.586502312533008,
            -8.275671371190235,
            -53.179200580990255,
            -4.594894826341894,
            -42.80560882515759,
            -15.20993890937386,
            8.888360747672799,
            7.633028502857769
        ],
        [
            38.68174690210244,
            5.287647434339853,
            25.952089226163253,
            -5.6197975305937575,
            3.7485168341411503,
            33.250629646972946,
            -41.94200202207639,
            -12.919430798510739,
            25.056805723203926,
            7.96098052560175
        ]
    ],