{
    "y_predict": [
        396.42854574735526,
        215.2306375918629,
        332.28651158280104,
        137.1356528341818,
        203.78872064966913,
        153.98151010442453,
        104.35446136189184,
        205.4915588595724,
        278.7598671683815,
        185.8591278605946,
        200.2668215751181,
        311.67174158418106,
        211.21255140015515,
        375.7941131613696,
        352.5145566682257,
        573.6067848233607,
        147.1708139271469,
        357.17698830090785
    ],
    "y_true": [
        455.0,
        198.0,
        325.0,
        25.0,
        240.6,
        149.0,
        94.6,
        118.4,
        131.0,
        260.4,
        310.4,
        377.13,
        287.4,
        354.8,
        333.94,
        565.3,
        82.5,
        140.0
    ],
    "R2_score": 0.6319398911580352,
    "MAE_score": 63.203663753725195,
    "RMSE_score": 84.07201238500083,
    "features": [
        "rho_m",
        "sigma_ion",
        "r_an",
        "sigma_cc",
        "kappa_cc",
        "Delta_V",
        "j",
        "B_flag",
        "B_type",
        "Morph",
        "Synth"
    ],
    "shap_values": [
        [
            27.596849435173187,
            45.32324710115265,
            12.139426296231145,
            3.850757763299511,
            3.7609712752258986,
            37.62563422167277,
            31.518334128548318,
            -22.99404826068869,
            -15.800639134980626,
            0.0,
            10.312574717523917
        ],
        [
            22.646060865630783,
            -17.377843478968277,
            -37.12933530036198,
            3.7309402085813304,
            0.0,
            26.95693017272686,
            -17.471329546874202,
            -24.72267745512417,
            16.6794109209806,
            -33.906095862822916,
            12.729138863897663
        ],
        [
            24.70643092671892,
            44.83272635321963,
            13.387793064874828,
            5.055217698134726,
            0.0,
            36.86829437720788,
            -34.22810710390154,
            -21.360859558960872,
            -16.41312744275386,
            5.222355896775107,
            11.12034916728903
        ],
        [
            17.995211567404265,
            -9.869458156865434,
            25.819128116414458,
            0.0,
            2.37925165423286,
            -43.01172890690902,
            -42.37529304997165,
            -25.65373491002128,
            -24.884808350517982,
            4.032315011822029,
            -30.39066834560358
        ],
        [
            22.647563865456224,
            -6.2347817670149475,
            -40.83322597066496,
            2.9139696294891877,
            0.0,
            19.692178519650895,
            40.82119771508862,
            -24.489803030007263,
            14.066538539421883,
            -35.362340604381124,
            -52.52801445156657
        ],
        [
            20.646662839742085,
            -3.2891173729344856,
            -30.449223431043123,
            3.152939583590495,
            0.0,
            21.579866538628284,
            -18.146986242734176,
            -24.71187965222316,
            19.98457148438281,
            -34.40268629717229,
            -63.47807555000909
        ],
        [
            21.398100604147373,
            -17.866638428435582,
            -32.210664731370905,
            -13.066814723174305,
            -22.04811048725817,
            0.0,
            36.91415079168015,
            -24.470719589337257,
            -19.50353331807686,
            -11.297424150999513,
            -76.58932280948034
        ],
        [
            22.473504210041046,
            -14.824411550247602,
            0.0,
            -9.640909890999168,
            -22.389483764428462,
            -28.54093419287961,
            41.76205537772519,
            -24.80298665654914,
            -19.386115825953457,
            -11.802445514595627,
            9.547848463262042
        ],
        [
            19.780920834625366,
            -10.625430259512699,
            29.7099982449825,
            3.948922874238283,
            0.0,
            38.11414830185991,
            -9.640268934761892,
            -26.151193074517938,
            -25.39618489969543,
            -14.644605057793898,
            10.568120934760099
        ],
        [
            -50.833091619081046,
            -6.840716918121286,
            39.72429816583413,
            0.0,
            2.321683218989037,
            -24.570990597584714,
            -8.55226786965391,
            -24.9686540132021,
            -22.01152737336542,
            8.099863527523263,
            10.395093135059449
        ],
        [
            -65.76323141337194,
            -4.711757496494212,
            37.85396031162644,
            0.0,
            2.421581766485346,
            -44.021873335320485,
            -9.511656991477029,
            -22.866155952439374,
            -21.279160833393867,
            54.74667281789316,
            10.303004497412836
        ],
        [
            24.79610574925699,
            0.0,
            -43.6057019752102,
            3.1130397681753035,
            2.9238910890580883,
            25.138638164010036,
            29.685630465739433,
            -24.232240306937122,
            26.420228603549933,
            -7.295522602828257,
            11.632234425169658
        ],
        [
            22.778313971484344,
            0.0,
            -37.32795705734237,
            3.5067957823154057,
            2.845052314408017,
            22.923105242157284,
            -95.8036216843924,
            -18.99005551522085,
            38.57087460668888,
            -3.554922584794909,
            13.169528120654553
        ],
        [
            21.68334106127577,
            0.0,
            35.22333430538754,
            4.283905534988177,
            3.0099797001389987,
            35.368625903924375,
            -7.194723056376716,
            -24.625805172302982,
            26.84088768606584,
            5.167810751824892,
            12.941318242246501
        ],
        [
            20.934547108335778,
            0.0,
            31.566121109653313,
            4.214662539866942,
            2.912847997771422,
            36.022754463561114,
            -28.859735215969767,
            -24.347435012506878,
            27.92481269775886,
            5.968804957502061,
            13.081737818055649
        ],
        [
            27.17300519551502,
            1.9151180373408565,
            45.66462962309596,
            2.848018438818092,
            1.6849751362268535,
            37.68837696669485,
            49.37381607103521,
            0.0,
            30.743233331529005,
            102.44393181971594,
            10.976241999191728
        ],
        [
            21.447315028264637,
            -26.048551275522023,
            5.358490011285056,
            -27.138754892785443,
            -27.153677161923095,
            18.79647008906161,
            -87.68888879817223,
            -19.07745534592016,
            14.697987240194042,
            0.0,
            10.882440828467308
        ],
        [
            24.431007296464706,
            30.469658991977884,
            11.05833097295353,
            0.0,
            4.013074666408457,
            35.44545863317531,
            33.59481443092198,
            -23.098960056381927,
            -13.44386984649363,
            -17.351202083018997,
            8.963237090703329
        ]
    ],