{
    "y_predict": [
        427.1395610830703,
        210.96979452062843,
        317.53572619739714,
        132.1483363648672,
        214.39276479415253,
        153.67185472117708,
        149.01718849214507,
        227.95339068117224,
        250.35214303018844,
        198.9580545655272,
        240.95664329944702,
        290.7573097440146,
        233.10950612724878,
        347.2838708981945,
        339.08553227563834,
        532.2187062309351,
        154.8604744693006,
        365.2972640842939
    ],
    "y_true": [
        455.0,
        198.0,
        325.0,
        25.0,
        240.6,
        149.0,
        94.6,
        118.4,
        131.0,
        260.4,
        310.4,
        377.13,
        287.4,
        354.8,
        333.94,
        565.3,
        82.5,
        140.0
    ],
    "R2_score": 0.6569662895830437,
    "MAE_score": 60.25521309441243,
    "RMSE_score": 81.16344422755411,
    "features": [
        "B_flag",
        "B_type",
        "Delta_V",
        "Group_ID",
        "Morph",
        "Synth",
        "j",
        "kappa_cc",
        "r_an",
        "rho_m",
        "sigma_cc",
        "sigma_ion"
    ]
}