{
    "y_predict": [
        189.81413166457642,
        724.6505160856644,
        358.02384165444124,
        634.3679616113764,
        372.90294381278454,
        353.6817021550235,
        215.7424624261298,
        141.7440286213928,
        148.37489923621732,
        79.89145506860197,
        159.43324276297747,
        259.2097959043744,
        225.96662190690952,
        118.38759779141583,
        137.7622821001218,
        202.57110766530312,
        80.65710725367984,
        75.29426859287865,
        354.33320899967254
    ],
    "y_true": [
        198.0,
        1074.5,
        399.7,
        548.0,
        193.6,
        352.5,
        220.0,
        6.0,
        94.6,
        87.23,
        67.6,
        215.28,
        188.8,
        62.2,
        97.9,
        115.0,
        60.3,
        22.1,
        276.0
    ],
    "R2_score": 0.802986863790135,
    "MAE_score": 72.42707165866915,
    "RMSE_score": 107.29656646050213,
    "features": [
        "B_flag",
        "CC",
        "Delta_V",
        "E_Bare_Anion_Radius",
        "Group_ID",
        "Morph",
        "Synth",
        "j",
        "kappa_cc",
        "r_cat",
        "rho_m"
    ]
}