{
    "y_predict": [
        200.56771637382383,
        874.0372115496884,
        376.93371933093806,
        749.3758413993257,
        380.48263624914784,
        324.5924916418013,
        186.01618818406288,
        79.3873724145947,
        165.6042517667865,
        78.15066592860083,
        54.85163624836207,
        279.1924657486265,
        221.82089647557973,
        72.0769202537357,
        111.67097298877104,
        159.83599685350828,
        50.59413946123783,
        51.94725615486752,
        342.1268624214377
    ],
    "y_true": [
        198.0,
        1074.5,
        399.7,
        548.0,
        193.6,
        352.5,
        220.0,
        6.0,
        94.6,
        87.23,
        67.6,
        215.28,
        188.8,
        62.2,
        97.9,
        115.0,
        60.3,
        22.1,
        276.0
    ],
    "R2_score": 0.8724422346656548,
    "MAE_score": 58.59279667134281,
    "RMSE_score": 86.33595225042902,
    "features": [
        "B_flag",
        "CC",
        "Delta_V",
        "E_Bare_Anion_Radius",
        "Group_ID",
        "Morph",
        "Synth",
        "j",
        "kappa_cc",
        "r_cat",
        "rho_m"
    ]
}