{
    "y_predict": [
        443.2399511361929,
        190.46339202205863,
        298.94964639073726,
        66.40384178529914,
        243.498208500201,
        157.2556065603265,
        166.3914467216298,
        173.52175645436216,
        209.92687388068285,
        204.17034387504117,
        260.72382486814917,
        322.70458254337666,
        247.09441084981165,
        322.27356380943814,
        294.9570058569709,
        553.3437556618189,
        135.7057316345839,
        382.1712683071757
    ],
    "y_true": [
        455.0,
        198.0,
        325.0,
        25.0,
        240.6,
        149.0,
        94.6,
        118.4,
        131.0,
        260.4,
        310.4,
        377.13,
        287.4,
        354.8,
        333.94,
        565.3,
        82.5,
        140.0
    ],
    "R2_score": 0.7352908299403205,
    "MAE_score": 49.06801426837031,
    "RMSE_score": 71.29787089578879,
    "features": [
        "B_flag",
        "B_type",
        "Delta_V",
        "Group_ID",
        "Morph",
        "Synth",
        "j",
        "kappa_cc",
        "r_an",
        "rho_m",
        "sigma_cc",
        "sigma_ion"
    ]
}