{
    "y_predict": [
        58.369881768152915,
        37.15761720937396,
        52.93371016961806,
        55.21261608533887,
        50.82286479964063,
        47.88227197575349,
        12.92785052876982,
        21.526418789234437,
        49.29648470493288,
        35.271145765736954,
        40.731587387060955,
        44.478569466709,
        26.890712551671232,
        59.05195935446284,
        57.09699070235151,
        66.52726727138496,
        19.94522195810165,
        49.73627547869825
    ],
    "y_true": [
        455.0,
        198.0,
        325.0,
        25.0,
        240.6,
        149.0,
        94.6,
        118.4,
        131.0,
        260.4,
        310.4,
        377.13,
        287.4,
        354.8,
        333.94,
        565.3,
        82.5,
        140.0
    ],
    "R2_score": -2.049067740787044,
    "MAE_score": 206.8353214557603,
    "RMSE_score": 241.97784488408956,
    "features": [
        "rho_m",
        "sigma_ion",
        "r_an",
        "sigma_cc",
        "kappa_cc",
        "Delta_V",
        "j",
        "B_flag",
        "B_type",
        "Morph",
        "Synth"
    ]
}