{
    "y_predict": [
        176.33289666250639,
        369.598312551415,
        369.4771600813468,
        369.598312551415,
        528.1761225635419,
        415.1495110731896,
        267.657167444843,
        307.9068041588379,
        67.83105956050412,
        50.52356383648072,
        366.08298280894354,
        250.25044704931207,
        232.94295132528867,
        217.53724079499403,
        181.2433685163459,
        330.34902233591885,
        133.68278386576566,
        142.7378426708462,
        432.45700679721296
    ],
    "y_true": [
        198.0,
        1074.5,
        399.7,
        548.0,
        193.6,
        352.5,
        220.0,
        6.0,
        94.6,
        87.23,
        67.6,
        215.28,
        188.8,
        62.2,
        97.9,
        115.0,
        60.3,
        22.1,
        276.0
    ],
    "R2_score": 0.13933174454730546,
    "MAE_score": 154.0822076927038,
    "RMSE_score": 224.26222402656947,
    "features": [
        "rho_m",
        "r0_an",
        "r_cat",
        "kappa_cc",
        "Delta_V",
        "j",
        "B_flag",
        "CC",
        "Morph",
        "Synth"
    ]
}