{
    "y_predict": [
        261.6453199710344,
        436.0656668632321,
        435.89200883928186,
        423.50909484444594,
        239.36909217122871,
        379.0242053391862,
        215.01071465080986,
        347.6946430777039,
        177.64030109118227,
        164.7934839979256,
        136.59910894713454,
        295.8016633961609,
        278.8322671181743,
        88.8661016002685,
        107.36478407813198,
        247.1629854822039,
        62.03338476565638,
        37.56951722380293,
        421.8122981983193
    ],
    "y_true": [
        198.0,
        1074.5,
        399.7,
        548.0,
        193.6,
        352.5,
        220.0,
        6.0,
        94.6,
        87.23,
        67.6,
        215.28,
        188.8,
        62.2,
        97.9,
        115.0,
        60.3,
        22.1,
        276.0
    ],
    "R2_score": 0.4415170936234166,
    "MAE_score": 105.95819415467936,
    "RMSE_score": 180.65216674161823,
    "features": [
        "B_flag",
        "CC",
        "Delta_V",
        "E_Bare_Anion_Radius",
        "Group_ID",
        "Morph",
        "Synth",
        "j",
        "kappa_cc",
        "r_cat",
        "rho_m"
    ],
    "params": {
        "hidden_layer_sizes": [
            128
        ],
        "activation": "tanh",
        "solver": "adam",
        "alpha": 0.00536470023238793,
        "learning_rate_init": 0.004978976162381772,
        "learning_rate": "invscaling",
        "max_iter": 961,
        "batch_size": 16
    }
}