{
    "y_predict": [
        452.96532856039767,
        205.7549502213271,
        393.3438267181909,
        357.9910519595786,
        242.90967973584904,
        159.24389560657463,
        130.93730917396707,
        298.5628843095065,
        437.7843759097559,
        200.55816979055209,
        289.5794736535298,
        294.5324384957938,
        84.5986641537039,
        407.73968414997904,
        383.3621480569047,
        436.60762341957604,
        81.81857916283438,
        409.44979181982194
    ],
    "y_true": [
        455.0,
        198.0,
        325.0,
        25.0,
        240.6,
        149.0,
        94.6,
        118.4,
        131.0,
        260.4,
        310.4,
        377.13,
        287.4,
        354.8,
        333.94,
        565.3,
        82.5,
        140.0
    ],
    "R2_score": -0.12825683978494884,
    "MAE_score": 100.78940669028152,
    "RMSE_score": 147.19601594421667,
    "features": [
        "B_flag",
        "B_type",
        "Delta_V",
        "Group_ID",
        "Morph",
        "Synth",
        "j",
        "kappa_cc",
        "r_an",
        "rho_m",
        "sigma_cc",
        "sigma_ion"
    ],
    "params": {
        "hidden_layer_sizes": [
            128
        ],
        "activation": "tanh",
        "solver": "adam",
        "alpha": 0.006095332302672564,
        "learning_rate_init": 0.0028880739311964577,
        "learning_rate": "invscaling",
        "max_iter": 898,
        "batch_size": 16
    }
}