{
    "y_predict": [
        215.44752502441406,
        928.1160278320312,
        244.7980194091797,
        928.1160278320312,
        310.7502136230469,
        348.1482238769531,
        141.3671875,
        63.45235824584961,
        170.618408203125,
        104.66179656982422,
        55.87347412109375,
        320.67218017578125,
        315.2090759277344,
        55.28090286254883,
        72.29846954345703,
        135.73777770996094,
        62.938533782958984,
        22.170156478881836,
        346.442626953125
    ],
    "y_true": [
        198.0,
        1074.5,
        399.7,
        548.0,
        193.6,
        352.5,
        220.0,
        6.0,
        94.6,
        87.23,
        67.6,
        215.28,
        188.8,
        62.2,
        97.9,
        115.0,
        60.3,
        22.1,
        276.0
    ],
    "R2_score": 0.7722616155124774,
    "MAE_score": 74.72759870428789,
    "RMSE_score": 115.36029291138065,
    "features": [
        "rho_m",
        "r0_an",
        "r_cat",
        "kappa_cc",
        "Delta_V",
        "j",
        "B_flag",
        "CC",
        "Morph",
        "Synth"
    ],
    "shap_values": [
        [
            21.637743712863276,
            -18.949972438176317,
            -24.166234892737922,
            -19.369324870988493,
            51.10312898553355,
            -22.19851741283266,
            -30.699208384118975,
            3.371031022191819,
            -51.44740745737624,
            17.623925230158637
        ],
        [
            13.733022105972049,
            19.13714620784156,
            -1.8391445750908406,
            -15.263347639791718,
            39.98592687568678,
            612.1168413216278,
            -18.64523757654959,
            1.1815596332134009,
            0.2735024920210708,
            -11.107256460749285
        ],
        [
            17.119482272237654,
            10.686993843697818,
            -5.077028336853691,
            -18.585759466723356,
            1.90805479855866,
            9.08836624234009,
            -34.58051877800804,
            0.4942284337124875,
            -7.142909854815007,
            -17.65498451028974
        ],
        [
            13.733022105972049,
            19.13714620784156,
            -1.8391445750908406,
            -15.263347639791718,
            39.98592687568678,
            612.1168413216278,
            -18.64523757654959,
            1.1815596332134009,
            0.2735024920210708,
            -11.107256460749285
        ],
        [
            20.48718896006063,
            -14.743489298013865,
            -8.53367047063286,
            -17.435859712787206,
            31.867465261496836,
            -154.90196983603107,
            147.25115514958657,
            4.032552475231423,
            1.597856325479479,
            12.586694869928325
        ],
        [
            26.15127697142482,
            25.480202628108454,
            39.19992625843748,
            -16.52781342834758,
            1.6150832025850286,
            -6.3394322539773205,
            -33.158369105883466,
            6.527840874980757,
            8.516716398616882,
            8.14069266207678
        ],
        [
            17.510090499658368,
            -7.613232343579584,
            5.791597991313756,
            -20.127248009085307,
            -82.60362665549124,
            -32.69271282316344,
            -33.32153453111226,
            -0.16132881794517742,
            -3.4392213004637595,
            9.482305252413207
        ],
        [
            13.880009335990472,
            4.731825379410821,
            -6.596459557652325,
            -19.519089128755148,
            -73.79935499126238,
            -63.173786777739295,
            -29.63028120677438,
            0.2187669470718538,
            -13.104976517840695,
            -38.09656021848423
        ],
        [
            19.247044546506658,
            -4.841119845664362,
            -28.467646656600174,
            -44.09596643235796,
            27.104914813250797,
            54.7596481581129,
            -36.71890465228382,
            -40.55215651456383,
            -11.757836546378313,
            -52.60176310533374
        ],
        [
            14.658693920598166,
            -6.299327256892557,
            -29.902291387254298,
            -38.360392230971264,
            28.87475377787108,
            -10.983919382877922,
            -34.27195584235145,
            -42.929787664190115,
            -12.805650905599032,
            -51.86062802885164
        ],
        [
            17.335521024419403,
            4.970165585477826,
            20.875071088795686,
            -60.06128233599477,
            29.194694869855013,
            -70.00031010123422,
            -34.9774299196816,
            -55.298987423362156,
            -38.8819166847789,
            -45.82417150077781
        ],
        [
            -77.18873495704524,
            32.985925599320105,
            -0.7211630716246327,
            -19.475623735926348,
            -14.963043448266507,
            54.29083741094554,
            -30.073156306286066,
            0.41654035751809715,
            80.22387138718157,
            6.634050341941511
        ],
        [
            -57.78921762792601,
            25.778532179748073,
            -1.9885794578686455,
            -19.802659786509903,
            0.4546143195798868,
            6.445085571806169,
            -23.23488453625734,
            0.2334916129609701,
            87.92555166350547,
            8.644751267449791
        ],
        [
            -53.31974604495274,
            -20.633907703543827,
            -7.503789686218661,
            -38.98705805840727,
            10.796648255804758,
            -43.71766137982218,
            -28.37689783041671,
            -34.455002609460095,
            -27.33150686639845,
            10.267663328389899
        ],
        [
            11.319805681734296,
            -16.565744147674266,
            -6.845433083287062,
            -20.830670743045047,
            -80.85935751508809,
            -27.720608787776364,
            -34.05210141843781,
            -1.2208965572436865,
            -48.445464836373496,
            8.9769185458633
        ],
        [
            24.296152152644826,
            -28.466836123622343,
            17.038939170593565,
            -54.640845227313115,
            27.646882662594,
            -37.53591206247991,
            -30.216980976248596,
            -65.72580872210648,
            -17.721717829197715,
            12.52165427288226
        ],
        [
            -63.29264193683479,
            -10.757461306021504,
            14.076743962840574,
            -21.28258589109173,
            -72.62031620765336,
            -29.05636108855732,
            -35.322182892712156,
            -1.1064340964592703,
            -14.796328780968851,
            8.553937228721916
        ],
        [
            -67.55521435372744,
            -15.584609320335531,
            -15.671771518169189,
            -21.136005552731078,
            -85.63520739528978,
            -14.852592025625732,
            -35.330140937344986,
            -0.12917403474697495,
            -17.269745257694485,
            6.792423188745524
        ],
        [
            28.924384278405824,
            12.624054653808416,
            24.256657288463902,
            -16.995677474660333,
            -10.79536369976977,
            37.296635406722274,
            -35.9527524240948,
            4.889447213758249,
            8.999413716384188,
            4.653653206398303
        ]
    ],