{
    "y_predict": [
        214.9950614327792,
        900.2909269970191,
        281.194877364328,
        900.2909269970191,
        474.60428261141027,
        335.75019725718664,
        138.06419606105118,
        107.04776728786942,
        157.59050394154292,
        102.727095728803,
        77.97411074206988,
        320.66342850342573,
        292.12997210939204,
        114.0569140599813,
        118.90122828702263,
        170.5175997837988,
        67.17062495379065,
        67.40914177234538,
        363.0197287004031
    ],
    "y_true": [
        198.0,
        1074.5,
        399.7,
        548.0,
        193.6,
        352.5,
        220.0,
        6.0,
        94.6,
        87.23,
        67.6,
        215.28,
        188.8,
        62.2,
        97.9,
        115.0,
        60.3,
        22.1,
        276.0
    ],
    "R2_score": 0.7235444168969806,
    "MAE_score": 89.8888520648457,
    "RMSE_score": 127.10156991644301,
    "features": [
        "rho_m",
        "r0_an",
        "r_cat",
        "kappa_cc",
        "Delta_V",
        "j",
        "B_flag",
        "CC",
        "Morph",
        "Synth"
    ],
    "shap_values": [
        [
            18.392245461372195,
            -24.50589757134061,
            -6.289714336491306,
            -4.750074776600232,
            35.73824264927141,
            -30.97131550367325,
            -34.997494935294384,
            -4.409150379615603,
            -37.48489329118762,
            12.285706757032022
        ],
        [
            15.728716035177284,
            42.334838749340655,
            4.86319038491929,
            4.677500512565894,
            44.46262689919575,
            486.05629594318555,
            -15.651339564245127,
            2.0076315981987864,
            12.40958390352891,
            11.41447639867456
        ],
        [
            11.5644361513736,
            17.991627090568453,
            -2.500528519533109,
            -0.9498513297006138,
            -34.06420230623378,
            44.255635682522694,
            -26.3321908881163,
            -2.520606403421261,
            -7.559033585577054,
            -10.67781601118597
        ],
        [
            15.728716035177284,
            42.334838749340655,
            4.86319038491929,
            4.677500512565894,
            44.46262689919575,
            486.05629594318555,
            -15.651339564245127,
            2.0076315981987864,
            12.40958390352891,
            11.41447639867456
        ],
        [
            18.861002071001494,
            -16.226784830044053,
            -11.401448561815778,
            -4.899736843251739,
            40.871466197352966,
            -50.029439686009425,
            198.88652782600036,
            -5.592440326847136,
            -0.18016830624488647,
            12.327899529230107
        ],
        [
            20.404662277912212,
            21.23023598711565,
            28.5670009055885,
            -2.010962854860554,
            20.039101941502686,
            -12.539094714014354,
            -36.62450149429672,
            -4.612786771765677,
            1.468962972231493,
            7.840172063195751
        ],
        [
            17.67633328399559,
            -20.619504499230533,
            -0.1809928646386834,
            -5.843149084254983,
            -71.28318548917785,
            -23.939915458177712,
            -36.42745677868597,
            -5.934643412610749,
            -13.273678415270696,
            5.902980597077858
        ],
        [
            9.011117486137165,
            10.678103328750494,
            -11.208529059250722,
            -3.7006719484894712,
            -71.12912481415405,
            -46.54552132715704,
            -31.555287968978313,
            -4.885366456857301,
            -13.149090332975902,
            -22.455271042649585
        ],
        [
            15.152660855737814,
            -8.967945544344147,
            -33.93270309997472,
            -34.41458928566794,
            26.33851463316869,
            38.24619399468851,
            -31.277447918006764,
            -24.96890036112047,
            -14.647804176597566,
            -65.92488290846208
        ],
        [
            10.931612844228711,
            -5.414258570947713,
            -34.84601826571143,
            -31.58444392127858,
            27.215819471281904,
            -18.43262406919588,
            -33.0040666538282,
            -24.060696633874322,
            -12.762208939952252,
            -67.30342749933972
        ],
        [
            8.29469971823518,
            0.9221131948729453,
            22.725613167465053,
            -17.75552520465455,
            17.1078188770634,
            -66.27612956520083,
            -40.21708925964253,
            -32.00969619094801,
            -61.93353841382239,
            -44.87156452307703
        ],
        [
            -46.23887509592898,
            36.198885868474896,
            1.49175660670473,
            -2.964167769141495,
            -48.707046028663896,
            39.82461179297192,
            -26.754461045460186,
            -2.9346916287505884,
            69.17022700264013,
            9.589781747926608
        ],
        [
            -26.62637090204417,
            30.818767385677674,
            -0.5100709056010237,
            -3.333798357244159,
            -46.96217136120016,
            -8.932720351905955,
            -27.495280008090276,
            -3.530803585554531,
            76.17336404831552,
            10.541648811575142
        ],
        [
            -41.253599517405746,
            -37.58592221270206,
            -5.7676659545616715,
            -14.134203243289958,
            21.256291353539126,
            -24.004961817916048,
            -37.97588262942154,
            -22.65832943952817,
            -23.474257161880377,
            7.668036691287125
        ],
        [
            14.167841435931605,
            -27.236402051213226,
            -2.5218963408021953,
            -5.498197188092745,
            -65.69440219963741,
            -21.620093589698953,
            -35.98455640886206,
            -5.894407156902599,
            -27.99910281345845,
            5.195035867451679
        ],
        [
            13.733854947041927,
            -18.353141625626833,
            19.025835270842798,
            -62.97964399445947,
            28.580619694920316,
            -30.321108601013986,
            -38.0502630865713,
            -29.133684712217946,
            -12.952184919558348,
            8.979907790540018
        ],
        [
            -53.175110246379106,
            -31.245395653119775,
            18.716991028333723,
            -6.507027473037888,
            -64.34407923401872,
            -30.558676206573875,
            -36.90600667022032,
            -5.958373570152035,
            -17.41599492988753,
            2.576889197577275
        ],
        [
            -54.69317076434637,
            -5.832336626033684,
            -15.693356606389571,
            -5.149242175295367,
            -71.42190553666121,
            -13.27873977358322,
            -37.51082210434842,
            -6.3690304512926375,
            -18.456538809197372,
            3.8268757351482052
        ],
        [
            22.764672808599645,
            15.24593910510861,
            19.337636855200397,
            -1.751051212067141,
            12.256158203294216,
            31.753639181376638,
            -34.26297528549404,
            -4.6052426694601305,
            3.6130090541559547,
            6.680535986212453
        ]
    ],