{
    "y_predict": [
        370.29987218527094,
        179.9558139824219,
        452.1001933317996,
        85.79695194015314,
        216.38774672255715,
        153.10611176384285,
        196.80990965992015,
        155.0253214586166,
        206.35255664536476,
        188.418798365005,
        254.9074240951329,
        309.45905753787514,
        201.58854047192176,
        362.34977168890515,
        337.771096445329,
        577.432103765978,
        144.71647497005293,
        480.68006260794795
    ],
    "y_true": [
        455.0,
        198.0,
        325.0,
        25.0,
        240.6,
        149.0,
        94.6,
        118.4,
        131.0,
        260.4,
        310.4,
        377.13,
        287.4,
        354.8,
        333.94,
        565.3,
        82.5,
        140.0
    ],
    "R2_score": 0.46255586259235826,
    "MAE_score": 68.91740560654029,
    "RMSE_score": 101.59181815570614,
    "features": [
        "rho_m",
        "sigma_ion",
        "r_an",
        "sigma_cc",
        "kappa_cc",
        "Delta_V",
        "j",
        "B_flag",
        "B_type",
        "Morph",
        "Synth"
    ],
    "params": {
        "hidden_layer_sizes": [
            32,
            16
        ],
        "activation": "relu",
        "alpha": 0.12099309932825847,
        "learning_rate_init": 0.006983171437597241,
        "batch_size": 8,
        "max_iter": 1378
    }
}