{
    "y_predict": [
        175.81063021180236,
        465.20921293989153,
        464.5317385981818,
        465.20921293989153,
        447.61885543266715,
        417.26261583945603,
        138.8435775333288,
        98.82355286799286,
        240.86898570484897,
        169.49901683923267,
        121.2587503728183,
        328.3264022633013,
        285.2405573212283,
        57.99513303267175,
        117.3765072031821,
        99.9734754615495,
        26.252435171808603,
        32.903972041067995,
        445.13631859078447
    ],
    "y_true": [
        198.0,
        1074.5,
        399.7,
        548.0,
        193.6,
        352.5,
        220.0,
        6.0,
        94.6,
        87.23,
        67.6,
        215.28,
        188.8,
        62.2,
        97.9,
        115.0,
        60.3,
        22.1,
        276.0
    ],
    "R2_score": 0.5043243454192385,
    "MAE_score": 106.11808398862198,
    "RMSE_score": 170.19117109749874,
    "features": [
        "rho_m",
        "r0_an",
        "r_cat",
        "kappa_cc",
        "Delta_V",
        "j",
        "B_flag",
        "CC",
        "Morph",
        "Synth"
    ],
    "params": {
        "hidden_layer_sizes": [
            32,
            16
        ],
        "activation": "relu",
        "alpha": 0.001439686808081648,
        "learning_rate_init": 0.0054615388132423495,
        "batch_size": 8,
        "max_iter": 884
    }
}