{
    "y_predict": [
        410.36243333333334,
        190.40830000000005,
        324.1035333333333,
        52.08539999999999,
        230.54302857142883,
        161.30920000000023,
        181.38089999999988,
        190.34499999999997,
        228.29829999999987,
        194.03573333333327,
        214.805603333333,
        294.61470000000025,
        274.6516333333336,
        304.966,
        277.11940000000004,
        626.4992285714286,
        140.48600000000008,
        353.2367904761904
    ],
    "y_true": [
        455.0,
        198.0,
        325.0,
        25.0,
        240.6,
        149.0,
        94.6,
        118.4,
        131.0,
        260.4,
        310.4,
        377.13,
        287.4,
        354.8,
        333.94,
        565.3,
        82.5,
        140.0
    ],
    "R2_score": 0.6990891232279606,
    "MAE_score": 58.60558076719573,
    "RMSE_score": 76.0170498352623,
    "features": [
        "rho_m",
        "sigma_ion",
        "r_an",
        "sigma_cc",
        "kappa_cc",
        "Delta_V",
        "j",
        "B_flag",
        "B_type",
        "Morph",
        "Synth"
    ]
}