{
    "y_predict": [
        440.5315856933594,
        222.83229064941406,
        317.6510009765625,
        34.34014129638672,
        219.76524353027344,
        160.94479370117188,
        103.21446228027344,
        188.97555541992188,
        243.43438720703125,
        216.52169799804688,
        189.13809204101562,
        349.9352722167969,
        258.6055603027344,
        346.0830993652344,
        317.78607177734375,
        633.8796997070312,
        92.37760925292969,
        357.3963623046875
    ],
    "y_true": [
        455.0,
        198.0,
        325.0,
        25.0,
        240.6,
        149.0,
        94.6,
        118.4,
        131.0,
        260.4,
        310.4,
        377.13,
        287.4,
        354.8,
        333.94,
        565.3,
        82.5,
        140.0
    ],
    "R2_score": 0.7401020458133466,
    "MAE_score": 45.680426550971134,
    "RMSE_score": 70.64696322782831,
    "features": [
        "j",
        "Morph",
        "Delta_V",
        "sigma_ion",
        "B_type",
        "Synth",
        "r_an",
        "sigma_cc",
        "kappa_cc",
        "B_flag",
        "rho_m"
    ],
    "importance_mean": [
        0.20881791788021,
        0.18214629261779594,
        0.16867984731291152,
        0.13654956006623103,
        0.13029371804378845,
        0.12620396887652982,
        0.05438712685203472,
        0.02560026010040536,
        0.0030024183985291534,
        0.0,
        -0.015197685961634367
    ],
    "importance_std": [
        0.1303138503689179,
        0.0952428062980382,
        0.07335602015480303,
        0.07619761385566816,
        0.07335971277476544,
        0.07791717105147045,
        0.05513591007154763,
        0.02501289321668009,
        0.02157804197563539,
        0.0,
        0.038650470442009255
    ]
}