{
    "y_predict": [
        217.1715822647321,
        919.8023182763501,
        256.39480508045443,
        919.8023182763501,
        383.8186214078392,
        345.67669669359526,
        151.24296297843134,
        72.73155119249823,
        151.1484381111504,
        96.43349305531062,
        57.485971060179146,
        318.7785362264023,
        305.91301601237416,
        89.9436179527445,
        105.81662294303737,
        150.16419559869553,
        61.21991717733595,
        38.472602381052106,
        353.0701598514156
    ],
    "y_true": [
        198.0,
        1074.5,
        399.7,
        548.0,
        193.6,
        352.5,
        220.0,
        6.0,
        94.6,
        87.23,
        67.6,
        215.28,
        188.8,
        62.2,
        97.9,
        115.0,
        60.3,
        22.1,
        276.0
    ],
    "R2_score": 0.7617053186430605,
    "MAE_score": 78.06167991378567,
    "RMSE_score": 118.00364079345401,
    "features": [
        "rho_m",
        "r0_an",
        "r_cat",
        "kappa_cc",
        "Delta_V",
        "j",
        "B_flag",
        "CC",
        "Morph",
        "Synth"
    ],
    "shap_values": [
        [
            21.13468727825326,
            -24.865427727163222,
            -18.393070425362254,
            -16.057708692705262,
            43.686659909557896,
            -25.545755147634,
            -33.276833702093164,
            -4.947765544224779,
            -40.07624326566607,
            14.067342088635435
        ],
        [
            18.24416829588677,
            43.64202838983231,
            1.3121213678903831,
            -9.1728235236214,
            45.94086996343101,
            524.3921977550413,
            -16.5980233972285,
            -1.5787944150411022,
            8.393152691508508,
            3.781723655516686
        ],
        [
            13.102830569077591,
            13.78903343474,
            -4.863464631989565,
            -14.304408043181757,
            -29.024884101151596,
            34.384188432838776,
            -31.431375794917326,
            -5.429897799641551,
            -9.16102678716058,
            -12.111887691293829
        ],
        [
            18.24416829588677,
            43.64202838983231,
            1.3121213678903831,
            -9.1728235236214,
            45.94086996343101,
            524.3921977550413,
            -16.5980233972285,
            -1.5787944150411022,
            8.393152691508508,
            3.781723655516686
        ],
        [
            19.618585856429075,
            -16.42834232079079,
            -11.920829908622869,
            -14.951514084779074,
            36.793868776185846,
            -111.57123322420938,
            170.5976146897781,
            -4.520933278199373,
            2.45542645518978,
            12.300280953723599
        ],
        [
            26.9209762606851,
            21.474370007679607,
            31.741923704483376,
            -14.031449363702125,
            12.236619547211996,
            -9.452140512199753,
            -34.64406905199771,
            -3.2960858108451205,
            4.802399198958423,
            8.478455220187188
        ],
        [
            18.178722500302356,
            -15.017647660195127,
            2.171971385454299,
            -16.965789871972838,
            -70.47682413145561,
            -28.549031321851054,
            -34.37289308038588,
            -7.410607362513418,
            -5.266550357872872,
            7.505915385787229
        ],
        [
            9.957645945861325,
            6.79359824955327,
            -11.201377750408255,
            -16.06035346443257,
            -74.73475731158968,
            -62.3028783268637,
            -30.254621783006982,
            -6.934349727140912,
            -16.16886244568747,
            -27.808189686921068
        ],
        [
            16.134624966241205,
            -10.679350977267498,
            -32.27187100681901,
            -41.22792906820571,
            23.614517078175336,
            41.55605730701036,
            -34.35442268638908,
            -39.40065302989624,
            -12.635648723079736,
            -61.03258324175349
        ],
        [
            12.045052033008346,
            -9.886834454757942,
            -32.98173948763083,
            -37.28950136738559,
            25.127460210065514,
            -14.812571728842775,
            -34.27584078246458,
            -39.229253150179595,
            -13.428207677634601,
            -60.28076803200163
        ],
        [
            14.088805311057932,
            -1.2735433307476,
            17.97438906186536,
            -39.30944075948266,
            22.383099476027603,
            -70.00489828379503,
            -39.39510811560518,
            -56.492375340289605,
            -47.884785635343576,
            -44.04586881664241
        ],
        [
            -59.66668373081276,
            40.145354684278495,
            0.980925866062222,
            -15.240608244967174,
            -38.91763701602722,
            45.17922904865888,
            -28.38666030056884,
            -5.6328905492130925,
            70.87890874445834,
            7.992900231399177
        ],
        [
            -42.537255394974835,
            34.79803885988136,
            -0.7209396129255796,
            -15.716557813564975,
            -29.053830214461303,
            0.5609223716988478,
            -25.002950739987533,
            -5.996315215244752,
            78.82212369466548,
            9.314082584153175
        ],
        [
            -46.968619052701364,
            -29.01096509468754,
            -8.723073892689388,
            -26.959204076662093,
            16.98465361189106,
            -37.73855954990205,
            -34.017845604689,
            -33.219106373667174,
            -20.298934598094117,
            8.449575090811948
        ],
        [
            13.691243391976029,
            -23.11268439045381,
            -7.556540990457186,
            -17.335327960528993,
            -67.76366278408292,
            -22.677640805653645,
            -34.87728442004114,
            -8.114993720163522,
            -34.68398153816847,
            6.80179866747676
        ],
        [
            19.484488525156706,
            -20.80170002367403,
            16.16487904800186,
            -58.83698511526225,
            28.854226817300273,
            -38.430053216356946,
            -33.95690217312877,
            -57.86910746008722,
            -16.34182868502984,
            10.451480388641443
        ],
        [
            -60.66856113913928,
            -23.83182270621245,
            12.549002352946061,
            -17.741736820401435,
            -63.999719746021185,
            -30.252127735057122,
            -35.53264601534899,
            -8.11612182442081,
            -18.037040804057984,
            5.404994121914854
        ],
        [
            -63.07498772510015,
            -14.25509533267318,
            -18.50150328763562,
            -17.651079675832534,
            -75.42921665770683,
            -14.66383168288976,
            -35.81632197633279,
            -8.36909236420672,
            -20.309200774678853,
            5.09723436497427
        ],
        [
            29.44166509135767,
            12.188462959267856,
            19.18909492917578,
            -14.056277004103704,
            0.47814516445710353,
            30.206358618318678,
            -35.0181592736524,
            -4.694347182352629,
            7.889234710495532,
            6.000284345317457
        ]
    ],