{
    "y_predict": [
        440.5315856933594,
        222.83229064941406,
        317.6510009765625,
        34.34014129638672,
        219.76524353027344,
        160.94479370117188,
        103.21446228027344,
        188.97555541992188,
        243.43438720703125,
        216.52169799804688,
        189.13809204101562,
        349.9352722167969,
        258.6055603027344,
        346.0830993652344,
        317.78607177734375,
        633.8796997070312,
        92.37760925292969,
        357.3963623046875
    ],
    "y_true": [
        455.0,
        198.0,
        325.0,
        25.0,
        240.6,
        149.0,
        94.6,
        118.4,
        131.0,
        260.4,
        310.4,
        377.13,
        287.4,
        354.8,
        333.94,
        565.3,
        82.5,
        140.0
    ],
    "R2_score": 0.7401020458133466,
    "MAE_score": 45.680426550971134,
    "RMSE_score": 70.64696322782831,
    "features": [
        "rho_m",
        "sigma_ion",
        "r_an",
        "sigma_cc",
        "kappa_cc",
        "Delta_V",
        "j",
        "B_flag",
        "B_type",
        "Morph",
        "Synth"
    ],
    "params": {
        "max_depth": 4,
        "min_child_weight": 1,
        "subsample": 0.7324549998998298,
        "colsample_bytree": 0.5528835608262583,
        "gamma": 4.216871323839101,
        "reg_alpha": 0.9518943742897139,
        "reg_lambda": 2.555714696365403,
        "learning_rate": 0.06604152514773909,
        "n_estimators": 930
    }
}