{
    "y_predict": [
        455.75981549952286,
        215.92339634699871,
        312.07549561307326,
        58.186016832456154,
        226.2667594655548,
        154.16750588016276,
        163.37960670259403,
        216.7212472665876,
        244.40019700451094,
        227.80013660289356,
        268.22538491417686,
        332.8913409028739,
        252.65772292406234,
        349.6501757256209,
        333.35392919016874,
        562.6735093084882,
        93.1953135146149,
        386.7795024611538
    ],
    "y_true": [
        455.0,
        198.0,
        325.0,
        25.0,
        240.6,
        149.0,
        94.6,
        118.4,
        131.0,
        260.4,
        310.4,
        377.13,
        287.4,
        354.8,
        333.94,
        565.3,
        82.5,
        140.0
    ],
    "R2_score": 0.7218892055623987,
    "MAE_score": 43.577119270093846,
    "RMSE_score": 73.08041261439114,
    "features": [
        "B_flag",
        "B_type",
        "Delta_V",
        "Group_ID",
        "Morph",
        "Synth",
        "j",
        "kappa_cc",
        "r_an",
        "rho_m",
        "sigma_cc",
        "sigma_ion"
    ],
    "params": [
        0.3943922152700102,
        0.05699311634798248,
        0.9517768471689055
    ]
}