{
    "y_predict": [
        208.37040932095059,
        918.8647936132078,
        387.9508566656385,
        773.6078759099138,
        295.0931732277685,
        326.4950231667004,
        193.16838361016462,
        64.19155796300701,
        151.65905581098343,
        82.58395671703376,
        50.715079753988356,
        256.83171540498995,
        206.8558118968517,
        65.36241678757332,
        113.00088562130523,
        147.53238941001067,
        56.814337593430906,
        35.96688237071127,
        316.0270618225585
    ],
    "y_true": [
        198.0,
        1074.5,
        399.7,
        548.0,
        193.6,
        352.5,
        220.0,
        6.0,
        94.6,
        87.23,
        67.6,
        215.28,
        188.8,
        62.2,
        97.9,
        115.0,
        60.3,
        22.1,
        276.0
    ],
    "R2_score": 0.9106813829642951,
    "MAE_score": 45.38193707507682,
    "RMSE_score": 72.24523820300175,
    "features": [
        "B_flag",
        "CC",
        "Delta_V",
        "E_Bare_Anion_Radius",
        "Group_ID",
        "Morph",
        "Synth",
        "j",
        "kappa_cc",
        "r_cat",
        "rho_m"
    ],
    "params": [
        0.8938973240950192,
        0.0024215621863110616,
        0.9369479053151214
    ]
}