{
    "y_predict": [
        215.21114216419724,
        913.819861492279,
        263.4396857983414,
        913.819861492279,
        394.6387772114146,
        341.80948344004764,
        139.68942991068693,
        85.78908761681345,
        163.94156317936188,
        103.66739006062855,
        67.21433165561267,
        320.6608711769389,
        303.3886690672924,
        85.3774605620465,
        96.16095825572297,
        153.5582690636659,
        65.11202008995555,
        45.33628411928309,
        354.93586799806263
    ],
    "y_true": [
        198.0,
        1074.5,
        399.7,
        548.0,
        193.6,
        352.5,
        220.0,
        6.0,
        94.6,
        87.23,
        67.6,
        215.28,
        188.8,
        62.2,
        97.9,
        115.0,
        60.3,
        22.1,
        276.0
    ],
    "R2_score": 0.7568279601195466,
    "MAE_score": 80.44176385522363,
    "RMSE_score": 119.20515898138295,
    "features": [
        "rho_m",
        "r0_an",
        "r_cat",
        "kappa_cc",
        "Delta_V",
        "j",
        "B_flag",
        "CC",
        "Morph",
        "Synth"
    ],
    "params": [
        0.8965851435889994,
        0.0001740268236731391,
        0.8550059808656802
    ]
}