{
    "y_predict": [
        408.8846771771774,
        192.76921278421273,
        296.89317889317886,
        57.90430330330332,
        241.4290990990992,
        168.2243661518662,
        188.72114414414412,
        225.1821278421279,
        229.28019969969975,
        199.64665615615613,
        264.9720731445732,
        277.047231874732,
        276.84353496353515,
        291.33968468468476,
        271.91894873444875,
        558.0155630630626,
        142.36302230802232,
        347.05090090090096
    ],
    "y_true": [
        455.0,
        198.0,
        325.0,
        25.0,
        240.6,
        149.0,
        94.6,
        118.4,
        131.0,
        260.4,
        310.4,
        377.13,
        287.4,
        354.8,
        333.94,
        565.3,
        82.5,
        140.0
    ],
    "R2_score": 0.6974525773537175,
    "MAE_score": 58.22746677630011,
    "RMSE_score": 76.22348421211127,
    "features": [
        "B_flag",
        "B_type",
        "Delta_V",
        "Group_ID",
        "Morph",
        "Synth",
        "j",
        "kappa_cc",
        "r_an",
        "rho_m",
        "sigma_cc",
        "sigma_ion"
    ],
    "params": {
        "n_estimators": 111,
        "max_depth": 16,
        "min_samples_split": 3,
        "min_samples_leaf": 1,
        "max_features": null,
        "bootstrap": true
    }
}