{
    "y_predict": [
        222.41189701228282,
        855.4904584882281,
        334.873253776476,
        670.114498141268,
        371.8541511772051,
        365.91481488365696,
        195.849522168057,
        51.097956904860254,
        121.88234407269798,
        80.39505183808308,
        37.760500709878414,
        264.3593910426647,
        257.8115740839091,
        100.1693610834974,
        124.9004453132362,
        147.9073969434135,
        54.51219021065742,
        23.338181994639864,
        326.5979964474473
    ],
    "y_true": [
        198.0,
        1074.5,
        399.7,
        548.0,
        193.6,
        352.5,
        220.0,
        6.0,
        94.6,
        87.23,
        67.6,
        215.28,
        188.8,
        62.2,
        97.9,
        115.0,
        60.3,
        22.1,
        276.0
    ],
    "R2_score": 0.8946667385746931,
    "MAE_score": 54.14889641628415,
    "RMSE_score": 78.45506707195997,
    "features": [
        "B_flag",
        "CC",
        "Delta_V",
        "E_Bare_Anion_Radius",
        "Group_ID",
        "Morph",
        "Synth",
        "j",
        "kappa_cc",
        "r_cat",
        "rho_m"
    ],
    "params": {
        "n_estimators": 807,
        "max_depth": 12,
        "min_samples_split": 2,
        "min_samples_leaf": 1,
        "max_features": "sqrt",
        "bootstrap": false
    }
}