{
    "y_predict": [
        423.3270071323179,
        212.16676051797003,
        335.06143031511897,
        60.60786230233958,
        224.23907854182062,
        163.7326388341171,
        126.99931493354568,
        177.1301825768478,
        230.4290356687022,
        208.7115936716492,
        197.18160477608424,
        313.1336060409324,
        268.53530754882047,
        350.57109165460196,
        315.02609071981857,
        624.3891640370322,
        118.16472420758153,
        376.0539389088487
    ],
    "y_true": [
        455.0,
        198.0,
        325.0,
        25.0,
        240.6,
        149.0,
        94.6,
        118.4,
        131.0,
        260.4,
        310.4,
        377.13,
        287.4,
        354.8,
        333.94,
        565.3,
        82.5,
        140.0
    ],
    "R2_score": 0.7157807203035222,
    "MAE_score": 50.82664845644769,
    "RMSE_score": 73.87863030932519,
    "features": [
        "j",
        "Morph",
        "Delta_V",
        "B_type",
        "sigma_ion",
        "Synth",
        "sigma_cc",
        "r_an",
        "kappa_cc",
        "B_flag",
        "rho_m"
    ],
    "importance_mean": [
        0.19189304628171786,
        0.1735716465661762,
        0.14681398094734796,
        0.10383445076469475,
        0.09606072387841035,
        0.0858685343299929,
        0.04773741644018896,
        0.04531990441271471,
        0.01064279205157597,
        0.0,
        -0.010666077140292985
    ],
    "importance_std": [
        0.12355111151006738,
        0.09843732050451948,
        0.0768559263722492,
        0.0620665762536311,
        0.0647909612261297,
        0.05332349852139525,
        0.03197687437828271,
        0.05155468831456019,
        0.013734955131648834,
        0.0,
        0.042819858007984574
    ]
}