{
    "y_predict": [
        217.1715822647321,
        919.8023182763501,
        256.39480508045443,
        919.8023182763501,
        383.8186214078392,
        345.67669669359526,
        151.24296297843134,
        72.73155119249823,
        151.1484381111504,
        96.43349305531062,
        57.485971060179146,
        318.7785362264023,
        305.91301601237416,
        89.9436179527445,
        105.81662294303737,
        150.16419559869553,
        61.21991717733595,
        38.472602381052106,
        353.0701598514156
    ],
    "y_true": [
        198.0,
        1074.5,
        399.7,
        548.0,
        193.6,
        352.5,
        220.0,
        6.0,
        94.6,
        87.23,
        67.6,
        215.28,
        188.8,
        62.2,
        97.9,
        115.0,
        60.3,
        22.1,
        276.0
    ],
    "R2_score": 0.7617053186430605,
    "MAE_score": 78.06167991378567,
    "RMSE_score": 118.00364079345401,
    "features": [
        "j",
        "rho_m",
        "Delta_V",
        "B_flag",
        "Morph",
        "r_cat",
        "CC",
        "kappa_cc",
        "Synth",
        "r0_an"
    ],
    "importance_mean": [
        1.0778063867314067,
        0.05799708300098716,
        0.057225355406705675,
        0.04834588504715255,
        0.024415598161708747,
        0.020001396987299032,
        0.019062417296762217,
        0.011706848366163173,
        0.010707906156130424,
        -0.002431113106236808
    ],
    "importance_std": [
        0.32088182991713865,
        0.02752383966713002,
        0.05921057168641706,
        0.04929227038645794,
        0.04047112630688861,
        0.020897482453139663,
        0.016829979588738865,
        0.014579764409421936,
        0.023178231286172888,
        0.05043058444206447
    ]
}