{
    "y_predict": [
        440.5315856933594,
        222.83229064941406,
        317.6510009765625,
        34.34014129638672,
        219.76524353027344,
        160.94479370117188,
        103.21446228027344,
        188.97555541992188,
        243.43438720703125,
        216.52169799804688,
        189.13809204101562,
        349.9352722167969,
        258.6055603027344,
        346.0830993652344,
        317.78607177734375,
        633.8796997070312,
        92.37760925292969,
        357.3963623046875
    ],
    "y_true": [
        455.0,
        198.0,
        325.0,
        25.0,
        240.6,
        149.0,
        94.6,
        118.4,
        131.0,
        260.4,
        310.4,
        377.13,
        287.4,
        354.8,
        333.94,
        565.3,
        82.5,
        140.0
    ],
    "R2_score": 0.7401020458133466,
    "MAE_score": 45.680426550971134,
    "RMSE_score": 70.64696322782831,
    "features": [
        "rho_m",
        "sigma_ion",
        "r_an",
        "sigma_cc",
        "kappa_cc",
        "Delta_V",
        "j",
        "B_flag",
        "B_type",
        "Morph",
        "Synth"
    ],
    "shap_values": [
        [
            24.840922919567674,
            84.81886154441628,
            22.728598311296665,
            8.76175243278034,
            5.957243001870811,
            45.48593180099073,
            43.93504932211064,
            -15.540765267405659,
            -20.902690667519344,
            -15.267644746577716,
            14.36576989296358
        ],
        [
            15.808416483458132,
            -36.28866471841,
            -28.5392423759494,
            8.520379074234516,
            3.529750298522413,
            31.131690527885585,
            -14.372674144892953,
            -16.247641087337396,
            24.61005865954794,
            -25.7521548166452,
            19.083659616017247
        ],
        [
            16.915121571552007,
            78.08491913413164,
            21.420392170501874,
            11.318810126604513,
            5.373927790047601,
            11.333824285569134,
            -34.04378413690952,
            -12.283088630773127,
            -23.332049483419397,
            -9.97056647351943,
            11.485121650671935
        ],
        [
            6.661899687256664,
            -15.288752516312524,
            7.118356813206337,
            4.128178050536662,
            2.1081868419842795,
            -62.28883763764017,
            -56.98641321994364,
            -17.076706767864525,
            -31.494028141815214,
            -6.445839538248256,
            -37.44458696980029
        ],
        [
            17.932367660384624,
            -7.397589401132427,
            -35.17418939565774,
            5.638307935600169,
            2.8325781850051133,
            17.78338579320349,
            56.05597011193167,
            -17.527556823259218,
            20.579797470355405,
            -31.872816169013387,
            -50.433718397486956
        ],
        [
            14.379516464248299,
            1.3033866905095055,
            -20.921662120861,
            6.943594071888365,
            2.5735386550286785,
            22.117801813567056,
            -29.407095744293184,
            -16.647993150046094,
            34.5049569714535,
            -27.171987145615276,
            -68.07800092530437
        ],
        [
            13.619225499350577,
            -24.275739305644528,
            -22.365285106142984,
            -17.11774781031534,
            -14.27904298893176,
            10.63693399869837,
            44.110015260218645,
            -18.876881761318074,
            -29.034358786237426,
            -11.626018718145206,
            -68.92542909471202
        ],
        [
            16.649143744986503,
            -25.39179190796334,
            0.5914140876708552,
            -14.597222167602741,
            -11.66870543524623,
            -30.553973500849317,
            56.60490937589952,
            -17.80726330582518,
            -25.006891462597995,
            -12.02573909634666,
            10.8329709049128
        ],
        [
            9.93658876851201,
            -12.548437785981223,
            18.523836027476936,
            7.805913678286597,
            4.5164620557660236,
            33.66216799542774,
            -6.861089572547935,
            -19.104918526755647,
            -31.989479045355694,
            -13.649996839407832,
            11.794714685711078
        ],
        [
            -22.887623254777864,
            -10.06654198714532,
            35.4038213094417,
            4.036229045647197,
            1.8670614389050753,
            8.864980698360595,
            -9.992576895938255,
            -16.999050986682995,
            -28.40047393610468,
            -0.16356482760980726,
            13.510681867119857
        ],
        [
            -64.72450560343452,
            -7.378496802973095,
            31.31121160478331,
            3.9678101702360435,
            1.9143911285046489,
            -21.251848869875538,
            -13.800149955707603,
            -15.465514189987443,
            -28.16171337824082,
            49.055116176451556,
            12.322870163990883
        ],
        [
            21.099952256008983,
            1.0989143548696303,
            -34.269321506507694,
            6.799235956771299,
            4.191271460019052,
            27.95874557378702,
            37.12948311005486,
            -16.05716740198899,
            43.805698697268966,
            -1.8177095937618288,
            18.647510199542157
        ],
        [
            18.7395248599723,
            2.7482240194850602,
            -25.812001416701822,
            8.581077828081325,
            3.9279579270025717,
            21.38285938218236,
            -91.73920983153862,
            -6.999143538856879,
            61.67728328474797,
            2.7715013425564394,
            21.978619694010703
        ],
        [
            13.693631357206032,
            -7.705596026694402,
            22.266591873227153,
            10.314821279193275,
            4.600693468893878,
            41.78600370104927,
            -6.209302178365179,
            -16.464718749327584,
            32.20599022517912,
            -11.325451144189573,
            21.57162619813811
        ],
        [
            12.245466467868537,
            -9.362596610570327,
            14.475133893948515,
            10.348824749863706,
            4.437321556843817,
            43.880379941859644,
            -30.80794423073996,
            -15.561070308843627,
            34.96423977200873,
            -9.829792345687746,
            21.647257673421407
        ],
        [
            30.61282848880626,
            6.450467593111098,
            37.625233115882146,
            9.118604579917156,
            5.22696009432897,
            44.85053251463956,
            79.33052938057342,
            -14.968677031388506,
            32.3735470236931,
            142.65017056419282,
            19.260528881129577
        ],
        [
            16.1505271334853,
            -55.840388461877595,
            6.097156958084088,
            -43.74506773818284,
            -19.32123498689616,
            16.54830978391263,
            -82.99975573795265,
            -8.606080916207283,
            19.276352378344164,
            -12.92807349095121,
            16.397243437095895
        ],
        [
            18.32138824817259,
            54.31523661037907,
            16.870277647650802,
            7.660983825000003,
            5.620259473510086,
            9.545225515963976,
            38.76773979062731,
            -16.29819695480168,
            -19.732132690194994,
            -7.03870584098564,
            8.016015892545692
        ]
    ],