{
    "y_predict": [
        200.91274001982688,
        739.6082951256449,
        291.2424560673391,
        739.6082951256449,
        397.2922683665808,
        367.1432978872287,
        174.22292757634997,
        149.5318262825718,
        124.8216315695899,
        80.86422996442921,
        173.1084703316986,
        295.6980704182633,
        279.1667383968872,
        123.4368663579442,
        121.10633100037785,
        205.93431712958156,
        89.2704817253959,
        75.97600567635263,
        380.9250894993705
    ],
    "y_true": [
        198.0,
        1074.5,
        399.7,
        548.0,
        193.6,
        352.5,
        220.0,
        6.0,
        94.6,
        87.23,
        67.6,
        215.28,
        188.8,
        62.2,
        97.9,
        115.0,
        60.3,
        22.1,
        276.0
    ],
    "R2_score": 0.7486498646883153,
    "MAE_score": 90.60760637123956,
    "RMSE_score": 121.19307196978912,
    "features": [
        "rho_m",
        "r0_an",
        "r_cat",
        "kappa_cc",
        "Delta_V",
        "j",
        "B_flag",
        "CC",
        "Morph",
        "Synth"
    ]
}