{
    "y_predict": [
        199.6361616204479,
        819.6542495499282,
        393.7322638830928,
        703.2962737100406,
        335.90347687353324,
        321.7730280241923,
        214.9536523475548,
        75.81147513556311,
        163.5861436004604,
        80.75533165467613,
        45.19591441319878,
        273.99945118826565,
        215.86626201498012,
        83.36488411398486,
        122.04771129271504,
        149.94853411879805,
        53.936538338094294,
        44.92420179810151,
        326.6000054516294
    ],
    "y_true": [
        198.0,
        1074.5,
        399.7,
        548.0,
        193.6,
        352.5,
        220.0,
        6.0,
        94.6,
        87.23,
        67.6,
        215.28,
        188.8,
        62.2,
        97.9,
        115.0,
        60.3,
        22.1,
        276.0
    ],
    "R2_score": 0.8828641246625926,
    "MAE_score": 53.12282119514645,
    "RMSE_score": 82.73384264285478,
    "features": [
        "B_flag",
        "CC",
        "Delta_V",
        "E_Bare_Anion_Radius",
        "Group_ID",
        "Morph",
        "Synth",
        "j",
        "kappa_cc",
        "r_cat",
        "rho_m"
    ],
    "params": {
        "depth": 6,
        "learning_rate": 0.14638101819264476,
        "iterations": 541,
        "l2_leaf_reg": 7.892144747084242,
        "border_count": 91
    }
}