{
    "y_predict": [
        456.0756988103763,
        210.25228341322168,
        311.15082711115076,
        46.26374930057213,
        224.60596164378674,
        156.3025004569144,
        186.2435717059483,
        203.702931559741,
        213.23240843002907,
        228.34059243002437,
        246.57349308896056,
        322.4377490204354,
        257.7019955681248,
        346.70248279472645,
        328.08389007944714,
        585.1227783372035,
        115.33024490429861,
        366.61993352557874
    ],
    "y_true": [
        455.0,
        198.0,
        325.0,
        25.0,
        240.6,
        149.0,
        94.6,
        118.4,
        131.0,
        260.4,
        310.4,
        377.13,
        287.4,
        354.8,
        333.94,
        565.3,
        82.5,
        140.0
    ],
    "R2_score": 0.7528141793466523,
    "MAE_score": 44.68995048373486,
    "RMSE_score": 68.89756056160809,
    "features": [
        "B_flag",
        "B_type",
        "Delta_V",
        "Group_ID",
        "Morph",
        "Synth",
        "j",
        "kappa_cc",
        "r_an",
        "rho_m",
        "sigma_cc",
        "sigma_ion"
    ],
    "params": {
        "depth": 5,
        "learning_rate": 0.2859351295244357,
        "iterations": 673,
        "l2_leaf_reg": 5.515972910754646,
        "border_count": 125
    }
}