{
    "y_predict": [
        215.44752502441406,
        928.1160278320312,
        244.7980194091797,
        928.1160278320312,
        310.7502136230469,
        348.1482238769531,
        141.3671875,
        63.45235824584961,
        170.618408203125,
        104.66179656982422,
        55.87347412109375,
        320.67218017578125,
        315.2090759277344,
        55.28090286254883,
        72.29846954345703,
        135.73777770996094,
        62.938533782958984,
        22.170156478881836,
        346.442626953125
    ],
    "y_true": [
        198.0,
        1074.5,
        399.7,
        548.0,
        193.6,
        352.5,
        220.0,
        6.0,
        94.6,
        87.23,
        67.6,
        215.28,
        188.8,
        62.2,
        97.9,
        115.0,
        60.3,
        22.1,
        276.0
    ],
    "R2_score": 0.7722616155124774,
    "MAE_score": 74.72759870428789,
    "RMSE_score": 115.36029291138065,
    "features": [
        "j",
        "B_flag",
        "rho_m",
        "Delta_V",
        "Morph",
        "r_cat",
        "CC",
        "Synth",
        "kappa_cc",
        "r0_an"
    ],
    "importance_mean": [
        1.3071472078616968,
        0.08457177041824868,
        0.07969976931619686,
        0.06597267664630464,
        0.04020029868205361,
        0.0309738051985383,
        0.0250881832097284,
        0.018744796316957267,
        0.011814707165352774,
        -0.0044588569433869725
    ],
    "importance_std": [
        0.38109701013774594,
        0.05528907652029549,
        0.022866602462980907,
        0.0427335200486359,
        0.032357539656690304,
        0.014651722825699372,
        0.012906917414712893,
        0.01644111174783481,
        0.006350028594800714,
        0.01922369437430403
    ]
}