{
    "y_predict": [
        359.8229658451123,
        220.8416312216784,
        328.86899380304635,
        293.99462159552667,
        160.54892632354483,
        135.44661381092112,
        61.016614285039395,
        244.26987884817356,
        374.1179944990392,
        160.90497756683692,
        198.05565039710297,
        290.8213566297445,
        140.20748155400213,
        429.7673145203038,
        413.032439511888,
        483.6528623589858,
        203.74076915869608,
        321.50714817617745
    ],
    "y_true": [
        455.0,
        198.0,
        325.0,
        25.0,
        240.6,
        149.0,
        94.6,
        118.4,
        131.0,
        260.4,
        310.4,
        377.13,
        287.4,
        354.8,
        333.94,
        565.3,
        82.5,
        140.0
    ],
    "R2_score": 0.1828983332383921,
    "MAE_score": 103.93629680906885,
    "RMSE_score": 125.2651076886251,
    "features": [
        "j",
        "Morph",
        "Synth",
        "B_type",
        "kappa_cc",
        "rho_m",
        "Delta_V",
        "B_flag",
        "sigma_cc",
        "sigma_ion",
        "r_an"
    ],
    "importance_mean": [
        0.18232327555797173,
        0.15549561146713922,
        0.09947856279587623,
        0.09618045877195168,
        0.05187011544658985,
        0.040632621537417694,
        0.015864709366998027,
        -3.3306690738754696e-16,
        -0.001319121974375026,
        -0.006027287082981617,
        -0.046514939960474226
    ],
    "importance_std": [
        0.1520031806076069,
        0.09452851541141338,
        0.15640459709398888,
        0.053124156377217374,
        0.07129795057198991,
        0.09073956769635463,
        0.0744501342136677,
        0.0,
        0.006266266569897051,
        0.007095271415414669,
        0.1188356275111882
    ]
}