{
    "y_predict": [
        388.93108570359414,
        202.01799090449623,
        350.3395399687943,
        83.07219561063204,
        231.05199209518918,
        165.55312280118065,
        148.8323075203627,
        183.22924231062171,
        218.72721979907416,
        180.15070801690007,
        213.60672228723567,
        294.2585959060018,
        234.82461234372897,
        351.5319255985705,
        326.72515871544545,
        603.2877924040653,
        145.39406336981494,
        392.6274544218586
    ],
    "y_true": [
        455.0,
        198.0,
        325.0,
        25.0,
        240.6,
        149.0,
        94.6,
        118.4,
        131.0,
        260.4,
        310.4,
        377.13,
        287.4,
        354.8,
        333.94,
        565.3,
        82.5,
        140.0
    ],
    "R2_score": 0.6576933731463397,
    "MAE_score": 59.04834046912416,
    "RMSE_score": 81.07738284648653,
    "features": [
        "rho_m",
        "sigma_ion",
        "r_an",
        "sigma_cc",
        "kappa_cc",
        "Delta_V",
        "j",
        "B_flag",
        "B_type",
        "Morph",
        "Synth"
    ],
    "params": {
        "depth": 7,
        "learning_rate": 0.04060795706574074,
        "iterations": 606,
        "l2_leaf_reg": 4.19763414300815,
        "random_strength": 1.4109433966703617,
        "bagging_temperature": 0.1328074180131551
    }
}