{
    "y_predict": [
        193.52581727739516,
        746.4438598862795,
        379.564303371622,
        642.5171863323625,
        400.4779313258682,
        360.3708652176272,
        210.01088502923213,
        137.90748643207726,
        130.06398665381218,
        74.61339818101892,
        149.16699151073476,
        252.26917779918753,
        219.67521878462927,
        103.64229833784775,
        134.06419936416583,
        212.27668229110796,
        82.54063859104112,
        72.4375372813961,
        355.2452810916418
    ],
    "y_true": [
        198.0,
        1074.5,
        399.7,
        548.0,
        193.6,
        352.5,
        220.0,
        6.0,
        94.6,
        87.23,
        67.6,
        215.28,
        188.8,
        62.2,
        97.9,
        115.0,
        60.3,
        22.1,
        276.0
    ],
    "R2_score": 0.8112830158205335,
    "MAE_score": 69.89722196147115,
    "RMSE_score": 105.01315973189537,
    "features": [
        "j",
        "Morph",
        "rho_m",
        "Group_ID",
        "B_flag",
        "Delta_V",
        "kappa_cc",
        "E_Bare_Anion_Radius",
        "Synth",
        "r_cat",
        "CC"
    ],
    "importance_mean": [
        1.034881038487904,
        0.15011546641719917,
        0.14592271423600292,
        0.09015733801080339,
        0.07213408685030338,
        0.06885241695084658,
        0.048978391645614947,
        0.0375000674061687,
        0.024994135696507727,
        0.021275849859209894,
        0.0072468871745573074
    ],
    "importance_std": [
        0.28794955126965965,
        0.05421511581126943,
        0.05312918419172534,
        0.03334602105439977,
        0.06325033994647473,
        0.020294564913988504,
        0.03447859128231081,
        0.017615352231343816,
        0.020457439491248355,
        0.01843962321002413,
        0.01993884896355471
    ]
}