{
    "y_predict": [
        421.9918956190229,
        216.42572951371184,
        304.7462628298609,
        132.10015730164383,
        206.78447039211628,
        150.73136356428165,
        137.90670625050254,
        227.01176117818707,
        269.97979822551406,
        216.26885114033664,
        239.72757458678805,
        342.37982458663674,
        226.76885528664775,
        377.3493176922281,
        356.03565772637444,
        539.8261576256892,
        137.34821333764737,
        357.55995646966085
    ],
    "y_true": [
        455.0,
        198.0,
        325.0,
        25.0,
        240.6,
        149.0,
        94.6,
        118.4,
        131.0,
        260.4,
        310.4,
        377.13,
        287.4,
        354.8,
        333.94,
        565.3,
        82.5,
        140.0
    ],
    "R2_score": 0.6781410626030713,
    "MAE_score": 58.77470939959184,
    "RMSE_score": 78.61851828768731,
    "features": [
        "j",
        "Morph",
        "Group_ID",
        "Delta_V",
        "B_type",
        "r_an",
        "Synth",
        "sigma_ion",
        "sigma_cc",
        "kappa_cc",
        "B_flag",
        "rho_m"
    ],
    "importance_mean": [
        0.2519935528524714,
        0.21332130795244914,
        0.1308144810528506,
        0.11241014519535367,
        0.10655748673794839,
        0.0726551076610372,
        0.06006342232200818,
        0.04884559523706423,
        0.026915972911005448,
        0.02152449919938821,
        2.220446049250313e-16,
        -0.005337864476134354
    ],
    "importance_std": [
        0.15759827814933913,
        0.0845341580806505,
        0.03692834303417569,
        0.05930896250814218,
        0.051000607855704615,
        0.06566480723000062,
        0.045728398769721804,
        0.043152207894600544,
        0.025161057581127664,
        0.015763440530527566,
        0.0,
        0.036925542393794517
    ]
}