{
    "y_predict": [
        167.09220579823779,
        376.74146790246607,
        376.61348268742734,
        376.74146790246607,
        563.2303336400132,
        416.5392712010513,
        269.9437818399831,
        303.11673267536924,
        80.75283604542233,
        62.46923389703613,
        351.3253778640984,
        251.92363670512754,
        233.64003455674128,
        195.50361028500276,
        176.50659559242945,
        332.5118340479006,
        137.68275436271497,
        142.9157111984073,
        434.8228733494376
    ],
    "y_true": [
        198.0,
        1074.5,
        399.7,
        548.0,
        193.6,
        352.5,
        220.0,
        6.0,
        94.6,
        87.23,
        67.6,
        215.28,
        188.8,
        62.2,
        97.9,
        115.0,
        60.3,
        22.1,
        276.0
    ],
    "R2_score": 0.14353294716953313,
    "MAE_score": 152.3158870044853,
    "RMSE_score": 223.71420589442454,
    "features": [
        "rho_m",
        "r0_an",
        "r_cat",
        "kappa_cc",
        "Delta_V",
        "j",
        "B_flag",
        "CC",
        "Morph",
        "Synth"
    ],
    "params": {
        "alpha": 0.00010149412068789494,
        "solver": "saga"
    }
}