{
    "y_predict": [
        423.3270071323179,
        212.16676051797003,
        335.06143031511897,
        60.60786230233958,
        224.23907854182062,
        163.7326388341171,
        126.99931493354568,
        177.1301825768478,
        230.4290356687022,
        208.7115936716492,
        197.18160477608424,
        313.1336060409324,
        268.53530754882047,
        350.57109165460196,
        315.02609071981857,
        624.3891640370322,
        118.16472420758153,
        376.0539389088487
    ],
    "y_true": [
        455.0,
        198.0,
        325.0,
        25.0,
        240.6,
        149.0,
        94.6,
        118.4,
        131.0,
        260.4,
        310.4,
        377.13,
        287.4,
        354.8,
        333.94,
        565.3,
        82.5,
        140.0
    ],
    "R2_score": 0.7157807203035222,
    "MAE_score": 50.82664845644769,
    "RMSE_score": 73.87863030932519,
    "features": [
        "rho_m",
        "sigma_ion",
        "r_an",
        "sigma_cc",
        "kappa_cc",
        "Delta_V",
        "j",
        "B_flag",
        "B_type",
        "Morph",
        "Synth"
    ],
    "shap_values": [
        [
            24.643164508659716,
            63.400298046802234,
            18.990632694214877,
            7.386948314362297,
            0.0,
            53.27816121527968,
            34.28706955884015,
            -16.905225330941565,
            -20.97411523341376,
            -14.21040141827558,
            7.441143483920065
        ],
        [
            15.1283893636149,
            -23.963539138586178,
            -27.394450472476922,
            6.161641173493386,
            0.0,
            31.984855552206785,
            -24.550086516930406,
            -20.034579206897952,
            8.07064711850956,
            -28.605825843497207,
            9.380377195664288
        ],
        [
            19.009081808373722,
            64.13745198587362,
            18.613642202045522,
            8.584485647511096,
            0.0,
            32.570467045143566,
            -34.57524045845309,
            -15.579204452130249,
            -22.467320652661563,
            -9.294977911841215,
            8.073713808387756
        ],
        [
            6.733703150775628,
            -16.11854287175753,
            6.460448477519209,
            3.1657524541979285,
            0.0,
            -52.26253153951857,
            -59.33743980081117,
            -21.029895627697428,
            -35.097203340256684,
            -12.709415991572284,
            -25.186343901409263
        ],
        [
            14.598396055441437,
            -10.396339162031298,
            -34.87163265752491,
            4.640279324497584,
            2.035075349350933,
            22.143100063155714,
            44.84371461528531,
            -20.297539280123786,
            0.0,
            -31.31932691375538,
            -33.12598014534478
        ],
        [
            11.987991272501311,
            -7.357999756129173,
            -20.083529971689874,
            5.327141517834491,
            0.0,
            25.333010764457452,
            -28.04747292988085,
            -20.279653277654354,
            10.505150360337552,
            -30.382151529116424,
            -49.25917890941286
        ],
        [
            0.0,
            -22.983762202619232,
            -21.948387762798287,
            -23.349103981152616,
            -10.884677994496991,
            12.525805424940359,
            40.59456897472337,
            -20.16816424559533,
            -27.797363117329972,
            -15.471938440625202,
            -49.50699301437018
        ],
        [
            14.452259699979146,
            -24.284891187894367,
            0.0,
            -18.739212021553815,
            -9.89313832658451,
            -34.63659469025197,
            45.839677807769,
            -21.430282167294934,
            -28.285388920699653,
            -16.09664782828568,
            4.2150689187947705
        ],
        [
            10.446836472907055,
            -15.59389034733828,
            10.78932928996596,
            6.394901047106629,
            0.0,
            41.96938199096137,
            -18.454193075857297,
            -22.428704758017915,
            -35.74872047790994,
            -19.96017264800789,
            7.024936882022715
        ],
        [
            -18.728056413329,
            -9.138983357979935,
            30.408870892117818,
            3.3458145143983202,
            1.3530291661561904,
            0.0,
            -18.177123470123934,
            -19.769235044502192,
            -29.373691157085144,
            -3.825122398688217,
            6.626759647815513
        ],
        [
            -43.32596832592791,
            -6.203460809059005,
            26.321315711500397,
            3.607527732706842,
            0.0,
            -32.170699985743084,
            -22.427222612338223,
            -16.83430966137287,
            -29.72833310850351,
            45.74977463342418,
            6.203649908527636
        ],
        [
            18.305079843495566,
            0.0,
            -36.871828510197595,
            5.70022239170959,
            2.496184764453318,
            31.163936049268287,
            27.724044915626116,
            -19.27590039321018,
            18.289636420415235,
            -8.603336055405506,
            8.2162353219078
        ],
        [
            16.803104029254374,
            0.49271901148033637,
            -23.950501418480957,
            6.847657137635071,
            2.750031664247327,
            32.68789920305003,
            -73.05276627747294,
            -10.236378321891156,
            39.170014416450606,
            0.0,
            11.034196811677987
        ],
        [
            15.660828798159745,
            -7.494465588002299,
            23.551337198311554,
            8.90858698522853,
            0.0,
            50.059418896378205,
            -14.401857730285561,
            -18.675469583259023,
            22.110297095179686,
            -6.679205850537045,
            11.542290140558363
        ],
        [
            14.622901039112756,
            -9.004165994533741,
            16.610483970147612,
            8.46473219567366,
            0.0,
            49.07595107179943,
            -41.780758360244164,
            -18.62042615873655,
            24.218163698980014,
            -5.987400866443274,
            11.43727883119303
        ],
        [
            23.67200392413456,
            2.3766155909774325,
            40.229849469098234,
            7.244611138135577,
            2.0457386546340786,
            53.69052277793423,
            62.07746702438312,
            0.0,
            30.715980814257094,
            127.59773481196382,
            8.749308538644232
        ],
        [
            13.375114343749642,
            -32.02430584173072,
            0.0,
            -47.35895090328271,
            -17.00579075693196,
            22.398062948409976,
            -69.38584578178508,
            -11.92674530453181,
            2.8651626254287805,
            -15.817898844498501,
            7.056590429884134
        ],
        [
            18.175358464978373,
            41.71043694866016,
            13.73395660359663,
            4.797077109567486,
            2.3770587979570053,
            30.346343057678812,
            34.50149321113523,
            -19.12692361976892,
            -20.54180196266404,
            0.0,
            4.091609004838183
        ]
    ],